Name,Current Price,Old Price,URL
Bohemia Crystal - Crystal Hand-cut Drink Set 7 Pieces - Gold - 750ml & 350ml,"LE 6,145.00","LE 6,145.00",https://sheffieldegypt.com/products/bohemia-crystal-crystal-hand-cut-drink-set-7-pieces-gold-750ml-350ml
Bohemia Crystal - Crystal Drink Set 7 Pieces - Clear - 750ml & 230ml,"LE 3,190.00","LE 3,190.00",https://sheffieldegypt.com/products/bohemia-crystal-crystal-drink-set-7-pieces-clear-750ml-230ml-1
Bohemia Crystal - Crystal Drink Set 7 Pieces - Clear - 750ml & 250ml,"LE 1,980.00","LE 1,980.00",https://sheffieldegypt.com/products/bohemia-crystal-crystal-drink-set-7-pieces-clear-750ml-250ml
Bohemia Crystal - Crystal Drink Set 7 Pieces - Clear - 750ml & 230ml,"LE 1,980.00","LE 1,980.00",https://sheffieldegypt.com/products/bohemia-crystal-crystal-drink-set-7-pieces-clear-750ml-230ml
Bohemia Crystal - Highball & Tumbler Crystal Glass Set 12 Pieces - Silver - 300ml & 200ml,"LE 4,480.00","LE 4,480.00",https://sheffieldegypt.com/products/bohemia-crystal-highball-tumbler-crystal-glass-set-12-pieces-silver-300ml-200ml
Bohemia Crystal - Goblet Glass Set 6 Pcs - Gold - 220ml,"LE 1,335.00","LE 1,335.00",https://sheffieldegypt.com/products/bohemia-crystal-goblet-glass-set-6-pcs-gold-220ml
Bohemia Crystal - Brandy Glass Set 6 Pcs - Silver & Flowers - 380ml,"LE 3,555.00","LE 3,555.00",https://sheffieldegypt.com/products/bohemia-crystal-brandy-glass-set-6-pcs-silver-flowers-380ml
Bohemia Crystal - Jelly Glass Set 6 Pcs - Silver & Flowers - 200ml,"LE 3,555.00","LE 3,555.00",https://sheffieldegypt.com/products/bohemia-crystal-jelly-glass-set-6-pcs-silver-flowers-200ml
Bohemia Crystal - Brandy Glass Set 6 Pcs - Gold & Flowers - 380ml,"LE 3,555.00","LE 3,555.00",https://sheffieldegypt.com/products/bohemia-crystal-brandy-glass-set-6-pcs-gold-flowers-380ml
Bohemia Crystal - Jelly Glass Set 6 Pcs - Gold & Flowers - 200ml,"LE 3,555.00","LE 3,555.00",https://sheffieldegypt.com/products/bohemia-crystal-jelly-glass-set-6-pcs-gold-flowers-200ml
Bohemia Crystal - Tumbler Glass Set 6 Pcs - Gold - 300 ml,"LE 1,575.00","LE 1,575.00",https://sheffieldegypt.com/products/bohemia-crystal-tumbler-glass-set-6-pcs-gold-300-ml
Bohemia Crystal - Highball Glass Set 6 Pcs - Gold - 350 ml,"LE 1,420.00","LE 1,420.00",https://sheffieldegypt.com/products/bohemia-crystal-highball-glass-set-6-pcs-gold-350-ml
Bohemia Crystal - Goblet Glass Set 6 Pcs - Gold - 220 ml,"LE 1,575.00","LE 1,575.00",https://sheffieldegypt.com/products/bohemia-crystal-goblet-glass-set-6-pcs-gold-220-ml
Bohemia Crystal - Flute Glass Set 6 Pcs - Gold - 200 ml,"LE 1,420.00","LE 1,420.00",https://sheffieldegypt.com/products/bohemia-crystal-flute-glass-set-6-pcs-gold-200-ml
Bohemia Crystal - Jelly Glass Set 6 Pcs - Gold -180 ml,"LE 1,420.00","LE 1,420.00",https://sheffieldegypt.com/products/bohemia-crystal-jelly-glass-set-6-pcs-gold-180-ml
Bohemia Crystal - Brandy Glass Set 6 Pcs - Gold - 400ml,"LE 1,575.00","LE 1,575.00",https://sheffieldegypt.com/products/bohemia-crystal-brandy-glass-set-6-pcs-gold-400ml
Bohemia Crystal - Diamond Crystal Sandblasted Drink Set 7 Pcs - Gold - 650ml & 230ml,"LE 4,595.00","LE 4,595.00",https://sheffieldegypt.com/products/bohemia-crystal-diamond-sandblasted-tumbler-drink-set-7-pcs-gold-650ml-230ml
Bohemia Crystal - Diamond Sandblasted Tumbler Drink Set 7 Pcs - Silver - 650ml & 230ml,"LE 4,595.00","LE 4,595.00",https://sheffieldegypt.com/products/bohemia-crystal-diamond-sandblasted-tumbler-drink-set-7-pcs-silver
Bohemia Crystal - Flute Glass Set 6 Pcs - Silver - 200ml,"LE 2,115.00","LE 2,115.00",https://sheffieldegypt.com/products/bohemia-crystal-flute-glass-set-6-pcs-silver-200ml
Royal Alfredo - Soup Bowl With Ladle Silver & Gold - 4L,"LE 3,995.00","LE 3,995.00",https://sheffieldegypt.com/products/royal-alfredo-soup-bowl-with-ladle-silver-gold-4l
Royal Alfredo - Soup Bowl With Ladle Silver - 4L,"LE 3,495.00","LE 3,495.00",https://sheffieldegypt.com/products/royal-alfredo-soup-bowl-with-ladle-silver-4l
Mepra - Daily use Cutlery Set 30 Pcs - Silver - Stainless Steel,"LE 6,095.00","LE 6,095.00",https://sheffieldegypt.com/products/mepra-daily-use-cutlery-set-30-pcs-silver-1
Glass Ashtray - Black - 17x4cm,LE 365.00,LE 365.00,https://sheffieldegypt.com/products/glass-ashtray-black-17x4cm
Glass Ashtray - Black - 19x11cm,LE 440.00,LE 440.00,https://sheffieldegypt.com/products/glass-ashtray-black
Glass Vase - Clear - 28x14cm,"LE 1,500.00","LE 1,500.00",https://sheffieldegypt.com/products/glass-vase-clear-28x14cm
Glass Vase - Clear - 28x13cm,"LE 1,300.00","LE 1,300.00",https://sheffieldegypt.com/products/glass-vase-clear-28x13cm
Glass Vase - Black - 14x30cm,"LE 1,035.00","LE 1,035.00",https://sheffieldegypt.com/products/glass-vase-black-14x30cm
Glass Box With Cover - Clear - 15x23cm,"LE 1,010.00","LE 1,010.00",https://sheffieldegypt.com/products/glass-box-with-cover-clear-15x23cm
Dessert Set 7 Pcs - Clear,"LE 2,835.00","LE 2,835.00",https://sheffieldegypt.com/products/dessert-set-7-pcs-clear
Gold and silver - Tray Set 3 Pcs - Gold,LE 950.00,LE 950.00,https://sheffieldegypt.com/products/gold-and-silver-tray-set-3-pcs-gold-1
Gold and silver - Tray Set 3 Pcs - Silver,LE 950.00,LE 950.00,https://sheffieldegypt.com/products/gold-and-silver-tray-set-3-pcs-silver
Gold and silver - Tray - Gold - 30x17cm,LE 290.00,LE 290.00,https://sheffieldegypt.com/products/gold-and-silver-tray-gold
Gold and silver - Tray - Silver - 30x17cm,LE 290.00,LE 290.00,https://sheffieldegypt.com/products/gold-and-silver-tray-silver
Gold and silver - Tray Set 2 - Gold,"LE 1,490.00","LE 1,490.00",https://sheffieldegypt.com/products/gold-and-silver-tray-set-2-gold
Glass Nuts Stand With 2 Bowls - Gold,LE 835.00,LE 835.00,https://sheffieldegypt.com/products/glass-nuts-stand-with-2-bowls
Glass Nuts Stand With 3 Bowls - Gold,LE 965.00,LE 965.00,https://sheffieldegypt.com/products/glass-nuts-stand-with-3-bowls-gold
Glass Nuts Stand With 4 Bowls - Gold,"LE 1,155.00","LE 1,155.00",https://sheffieldegypt.com/products/glass-nuts-stand-with-4-bowls
Gold and silver - Tray Set 3 Pcs - Gold,"LE 4,450.00","LE 4,450.00",https://sheffieldegypt.com/products/gold-and-silver-tray-set-3-pcs-gold
Bohemia Crystal - Diamond Tumbler Set 6 Pcs Gold Rim - 230ml,"LE 1,845.00","LE 1,845.00",https://sheffieldegypt.com/products/bohemia-crystal-diamond-tumbler-set-6-pcs-gold-rim-230ml
Bohemia Crystal - Tumbler Diamond Glass Set 6 Pieces - Silver - 230ml,"LE 1,845.00","LE 1,845.00",https://sheffieldegypt.com/products/bohemia-crystal-tumbler-diamond-glass-set-6-pieces-silver-230ml
Queen Anne - Footed Round Tray - 35.5 cm,"LE 2,295.00","LE 2,295.00",https://sheffieldegypt.com/products/queen-anne-footed-round-tray-35-5-cm
Queen Anne - Round Double Jam Bowl With Lid & Spoon - Silver,"LE 1,145.00","LE 1,145.00",https://sheffieldegypt.com/products/queen-anne-round-double-jam-bowl-with-lid-spoon-silver
Queen Anne - Biscuit Tray With Handles - Silver - 15x39cm,"LE 1,485.00","LE 1,485.00",https://sheffieldegypt.com/products/queen-anne-biscuit-tray-with-handles-silver
"Queen Anne - Triple Food Warmer With Glass, Cover & Stand - Silver - 27x14 cm","LE 5,745.00","LE 5,745.00",https://sheffieldegypt.com/products/queen-anne-triple-food-warmer-with-glass-cover-stand-silver-27x14-cm
Queen Anne - Rectangular Butter Bowl With Lid - Silver - 12x8cm,LE 915.00,LE 915.00,https://sheffieldegypt.com/products/queen-anne-rectangular-butter-bowl-with-lid-silver-12x8cm
Queen Anne - Cruet Set 5 Pcs - Silver,"LE 1,145.00","LE 1,145.00",https://sheffieldegypt.com/products/queen-anne-cruet-set-5-pcs-silver-1
Queen Anne - Double Jam Dish With Lids & Spoons - Silver,"LE 1,605.00","LE 1,605.00",https://sheffieldegypt.com/products/queen-anne-double-jam-dish-with-lids-spoons-silver
Home Secret - Dinner Set 125 Pcs - Gold,"LE 19,995.00","LE 19,995.00",https://sheffieldegypt.com/products/home-secret-dinner-set-125-pcs-gold
Drobina - Dinner Set 60 Pcs - Gold,"LE 13,170.00","LE 13,170.00",https://sheffieldegypt.com/products/drobina-dinner-set-60-pcs-gold
Potato Masher - Stainless Steel,LE 145.00,LE 145.00,https://sheffieldegypt.com/products/potato-masher-stainless-steel
Peeler - Stainless Steel,LE 90.00,LE 90.00,https://sheffieldegypt.com/products/peeler-stainless-steel-3
Egg Cutter - Stainless Steel,LE 280.00,LE 280.00,https://sheffieldegypt.com/products/egg-cutter-stainless-steel
Peeler - Stainless Steel,LE 150.00,LE 150.00,https://sheffieldegypt.com/products/peeler-stainless-steel-2
Pizza Cutter - Stainless Steel,LE 170.00,LE 170.00,https://sheffieldegypt.com/products/pizza-cutter-stainless-steel
Garlic Press - Stainless Steel,LE 310.00,LE 310.00,https://sheffieldegypt.com/products/garlic-press-stainless-steel
Peeler - Stainless Steel,LE 130.00,LE 130.00,https://sheffieldegypt.com/products/peeler-stainless-steel-1
Nut Cracker - Stainless Steel,LE 270.00,LE 270.00,https://sheffieldegypt.com/products/nut-cracker-stainless-steel
Peeler - Stainless Steel,LE 130.00,LE 130.00,https://sheffieldegypt.com/products/peeler-stainless-steel
Glass Vase With Metal - Gold - 39x11cm,LE 880.00,LE 880.00,https://sheffieldegypt.com/products/glass-vase-with-metal-gold
Candle Holder Set 3 Pcs - Gold,LE 970.00,LE 970.00,https://sheffieldegypt.com/products/candle-holder-set-3-pcs-gold-2
Candle Holder Set 3 Pcs - Gold,LE 970.00,LE 970.00,https://sheffieldegypt.com/products/candle-holder-set-3-pcs-gold-1
Candle Holder Set 3 Pcs - Gold,LE 970.00,LE 970.00,https://sheffieldegypt.com/products/candle-holder-set-3-pcs-gold
Metal Decorative Vase - Gold - 43cm,LE 605.00,LE 605.00,https://sheffieldegypt.com/products/metal-decorative-vase-gold-43cm
Metal Decorative Vase - Gold - 50cm,LE 655.00,LE 655.00,https://sheffieldegypt.com/products/metal-decorative-vase-gold-50cm
Glass Box With Cover - Gold - 11x17cm,LE 765.00,LE 765.00,https://sheffieldegypt.com/products/glass-box-with-cover-gold-11x17cm
Glass Box With Cover - 19x24cm - gold,"LE 2,145.00","LE 2,145.00",https://sheffieldegypt.com/products/glass-box-with-cover-19x24cm-gold
Stainless Steel Steam Pot - Silver - 3L,"LE 2,655.00","LE 2,655.00",https://sheffieldegypt.com/products/stainless-steel-steam-pot-silver
Aitos - Kitchen Utensils 6 Pcs - Creamy&Dark blue,LE 780.00,LE 780.00,https://sheffieldegypt.com/products/aitos-kitchen-utensils-6-pcs-creamy-dark-blue
Ice Cream Serving Spoon - Stainless Steel,LE 150.00,LE 150.00,https://sheffieldegypt.com/products/ice-cream-serving-spoon-stainless-steel
Glass Bowl Set 7 Pcs - Gold,LE 700.00,LE 700.00,https://sheffieldegypt.com/products/glass-bowl-set-7-pcs-gold-2
Glass Bowl Set 7 Pcs - Silver,LE 700.00,LE 700.00,https://sheffieldegypt.com/products/glass-bowl-set-7-pcs-silver-1
Glass Bowl Set 7 Pcs - Gold,LE 700.00,LE 700.00,https://sheffieldegypt.com/products/glass-bowl-set-7-pcs-gold-1
Glass Bowl Set 7 Pcs - Silver,LE 540.00,LE 540.00,https://sheffieldegypt.com/products/glass-bowl-set-7-pcs-silver
Glass Bowl Set 7 Pcs - Gold,LE 540.00,LE 540.00,https://sheffieldegypt.com/products/glass-bowl-set-7-pcs-gold
Diamond Glass Bowl Set 7 Pcs- 24cm&11cm - Beige,"LE 1,575.00","LE 1,575.00",https://sheffieldegypt.com/products/bohemia-crystal-diamond-bowl-set-7-pcs-24cm-11cm-beige
Diamond Bowl Set 7 Pcs- 24cm&11cm - Blue,"LE 1,575.00","LE 1,575.00",https://sheffieldegypt.com/products/bohemia-crystal-diamond-bowl-set-7-pcs-24cm-11cm-blue
Royal Alfredo - Round Serving Plate - 36cm*8cm - Silver,"LE 2,395.00","LE 2,395.00",https://sheffieldegypt.com/products/royal-alfredo-round-serving-plate
Royal Alfredo - Three Round Footed Serving Plates,"LE 2,995.00","LE 2,995.00",https://sheffieldegypt.com/products/royal-alfredo-three-round-footed-serving-plates
Royal Alfredo - Double Round Footed Serving Plate -Silver,"LE 2,595.00","LE 2,595.00",https://sheffieldegypt.com/products/royal-alfredo-double-round-footed-serving-plate
Royal Alfredo - Round Footed Serving Plate - 19cm*26cm - Silver,"LE 1,695.00","LE 1,695.00",https://sheffieldegypt.com/products/royal-alfredo-round-footed-serving-plate
Queen Anne - Rectangular Tray With 6 Glasses - Silver,"LE 3,790.00","LE 3,790.00",https://sheffieldegypt.com/products/queen-anne-rectangular-tray-with-6-glasses-silver
"Queen Anne - Triple Food Warmer With Glass, Cover & Stand - Silver","LE 5,745.00","LE 5,745.00",https://sheffieldegypt.com/products/queen-anne-triple-food-warmer-with-glass-cover-stand-silver
Queen Anne - Cruet Set 5 Pcs - Silver,"LE 1,145.00","LE 1,145.00",https://sheffieldegypt.com/products/queen-anne-cruet-set-5-pcs-silver
"Queen Anne - Double Food Warmer With Glass, Cover & Stand - 41x28x19 cm - Silver","LE 4,360.00","LE 4,360.00",https://sheffieldegypt.com/products/queen-anne-double-food-warmer-with-glass-cover-stand-41x28x19-cm-silver
Queen Anne - Rectangular Party Dish With 6 Bowls & Lids - 30.5x26.5cm - Silver,"LE 3,670.00","LE 3,670.00",https://sheffieldegypt.com/products/queen-anne-rectangular-party-dish-with-6-bowls-lids-30-5x26-5cm-silver
Bohemia Crystal- Macao Footed Crystal Box - 28.5cm - Clear,"LE 3,950.00","LE 3,950.00",https://sheffieldegypt.com/products/bohemia-crystal-macao-footed-bowl-28-5cm-clear
Bohemia Crystal - Origami Crystal Box - 16cm - Clear,"LE 1,105.00","LE 1,105.00",https://sheffieldegypt.com/products/bohemia-crystal-origami-bowl-16-cm-clear
Royal Alfredo - 2 Rectangular Food Warmers Silver & Gold - 2x1.5L,"LE 3,995.00","LE 3,995.00",https://sheffieldegypt.com/products/royal-alfredo-2-rectangular-food-warmers-silver-gold-2x1-5l
Royal Alfredo - Salad Bowl With Servings Silver - 3L,"LE 3,295.00","LE 3,295.00",https://sheffieldegypt.com/products/royal-alfredo-salad-bowl-with-servings-silver-3l
Royal Alfredo - Oval Food Warmer Silver & Gold - 3L,"LE 3,995.00","LE 3,995.00",https://sheffieldegypt.com/products/royal-alfredo-oval-food-warmer-silver-gold-3l
Royal Alfredo - Oval Food Warmer Silver - 3L,"LE 3,495.00","LE 3,495.00",https://sheffieldegypt.com/products/royal-alfredo-oval-food-warmer-silver-3l
Royal Alfredo - 2 Rectangular Food Warmers Silver - 2x1.5L,"LE 3,995.00","LE 3,995.00",https://sheffieldegypt.com/products/royal-alfredo-2-rectangular-food-warmers-silver-2x1-5l
Royal Alfredo - Rectangular Food Warmer Silver & Gold - 3L,"LE 3,995.00","LE 3,995.00",https://sheffieldegypt.com/products/royal-alfredo-rectangular-food-warmer-silver-gold-3l
Royal Alfredo - Rectangular Food Warmer Silver - 3L,"LE 3,495.00","LE 3,495.00",https://sheffieldegypt.com/products/royal-alfredo-rectangular-food-warmer-silver-3l
Gold and silver - Hammered Tray Set 3 Pcs - Gold,"LE 3,585.00","LE 3,585.00",https://sheffieldegypt.com/products/gold-and-silver-hammered-tray-set-2-pcs-gold
Gold and silver - Tray Set 2 Pcs - Silver,"LE 2,445.00","LE 2,445.00",https://sheffieldegypt.com/products/gold-and-silver-tray-set-2-pcs-silver
Gold and silver - Hammered Tray Set 2 Pcs - Silver,"LE 2,550.00","LE 2,550.00",https://sheffieldegypt.com/products/gold-and-silver-hammered-tray-set-2-pcs-silver
Gold and silver - Tray Set 2 Pcs - Gold & Silver,"LE 1,565.00","LE 1,565.00",https://sheffieldegypt.com/products/gold-and-silver-tray-set-2-pcs-gold-silver-2
Gold and silver - Tray Set 2 Pcs - Gold & Silver,"LE 1,565.00","LE 1,565.00",https://sheffieldegypt.com/products/gold-and-silver-tray-set-2-pcs-gold-silver-1
Gold and silver - Tray Set 2 Pcs - Gold & Silver,"LE 1,565.00","LE 1,565.00",https://sheffieldegypt.com/products/gold-and-silver-tray-set-2-pcs-gold-silver
Gold and silver - Tray - Silver - 33x39cm,"LE 1,405.00","LE 1,405.00",https://sheffieldegypt.com/products/gold-and-silver-tray-silver-33x39cm
Gold and silver - Tray Set 2 Pcs - Gold,"LE 1,450.00","LE 1,450.00",https://sheffieldegypt.com/products/gold-and-silver-tray-set-2-pcs-gold-2
Gold and silver - Tray Set 2 Pcs - Gold,"LE 1,690.00","LE 1,690.00",https://sheffieldegypt.com/products/gold-and-silver-tray-set-2-pcs-gold-1
Gold and silver - Tray Set 2 Pcs - Gold,"LE 1,330.00","LE 1,330.00",https://sheffieldegypt.com/products/gold-and-silver-tray-set-2-pcs-gold
Degwana - Glass Vase - Black - 13x30cm,LE 755.00,LE 755.00,https://sheffieldegypt.com/products/degwana-glass-vase-black-13x30cm
Degwana - Glass Vase - Black - 25x20cm,LE 690.00,LE 690.00,https://sheffieldegypt.com/products/degwana-glass-vase-black-25x20cm
Degwana - Glass Vase - Black - 17x34cm,LE 860.00,LE 860.00,https://sheffieldegypt.com/products/degwana-glass-vase-black-17x34cm
Degwana - Glass Vase - Black - 24x28cm,LE 920.00,LE 920.00,https://sheffieldegypt.com/products/degwana-glass-vase-black-24x28cm
Degwana - Glass Vase - Black - 18x34cm,LE 965.00,LE 965.00,https://sheffieldegypt.com/products/degwana-glass-vase-black-18x34cm
Degwana - Glass Vase - Black - 18x28cm,LE 860.00,LE 860.00,https://sheffieldegypt.com/products/degwana-glass-vase-black-18x28cm
Degwana - Glass Vase - Black - 15x20cm,LE 690.00,LE 690.00,https://sheffieldegypt.com/products/degwana-glass-vase-black-15x20cm
Degwana - Glass Vase - Black - 18x25cm,LE 945.00,LE 945.00,https://sheffieldegypt.com/products/degwana-glass-vase-black-18x25cm-1
Degwana - Glass Vase - Black - 14x30cm,LE 565.00,LE 565.00,https://sheffieldegypt.com/products/degwana-glass-vase-black-14x30cm
Degwana - Glass Vase - Black - 13x25cm,LE 540.00,LE 540.00,https://sheffieldegypt.com/products/degwana-glass-vase-black-13x25cm
Degwana - Glass Vase - Black - 12x20cm,LE 735.00,LE 735.00,https://sheffieldegypt.com/products/degwana-glass-vase-black-12x20cm
Degwana - Glass Vase - Black - 13x28cm,LE 905.00,LE 905.00,https://sheffieldegypt.com/products/degwana-glass-vase-black-13x28cm
Degwana - Glass Vase - Black - 28x17 cm,LE 645.00,LE 645.00,https://sheffieldegypt.com/products/degwana-glass-vase-black-cm
Degwana - Glass Vase - Clear - 16x33cm,LE 905.00,LE 905.00,https://sheffieldegypt.com/products/degwana-glass-vase-clear-16x33cm
Degwana - Glass Vase - clear - 17x26cm,LE 690.00,LE 690.00,https://sheffieldegypt.com/products/degwana-glass-vase-clear-17x26cm
Degwana - Glass Vase - Black - 10x30cm,LE 565.00,LE 565.00,https://sheffieldegypt.com/products/degwana-glass-vase-black-10x30cm-1
Degwana - Glass Vase - Black - 15x22cm,LE 735.00,LE 735.00,https://sheffieldegypt.com/products/degwana-glass-vase-black-15x22cm
Degwana - Glass Vase - Black - 18x25cm,LE 905.00,LE 905.00,https://sheffieldegypt.com/products/degwana-glass-vase-black-18x25cm
Degwana - Glass Vase - Black - 17x21cm,LE 580.00,LE 580.00,https://sheffieldegypt.com/products/degwana-glass-vase-black-17x21cm
Degwana - Glass Vase - Black - 10x30cm,LE 670.00,LE 670.00,https://sheffieldegypt.com/products/degwana-glass-vase-black-10x30cm
Degwana - Glass Vase - Black -24x9cm,LE 565.00,LE 565.00,https://sheffieldegypt.com/products/degwana-glass-vase-black-14x25cm-1
Degwana - Glass Vase - Black - 19x26cm,LE 755.00,LE 755.00,https://sheffieldegypt.com/products/degwana-glass-vase-black-19x26cm
Degwana - Glass Vase - Black - 20x25cm,LE 860.00,LE 860.00,https://sheffieldegypt.com/products/degwana-glass-vase-black-20x25cm
Degwana - Glass Vase - Black - 17x20cm,LE 645.00,LE 645.00,https://sheffieldegypt.com/products/degwana-glass-vase-black-17x20cm
Degwana - Glass Vase - Black - 14x25cm,LE 800.00,LE 800.00,https://sheffieldegypt.com/products/degwana-glass-vase-black-14x25cm
RCR - Etna Flute Set 6 Pcs - Gold - 190 ml,"LE 2,025.00","LE 2,025.00",https://sheffieldegypt.com/products/rcr-etna-flute-set-6-pcs-gold-190-ml
RCR - Brillante Flute Glass Set 6 Pcs - Gold - 180ml,"LE 2,025.00","LE 2,025.00",https://sheffieldegypt.com/products/rcr-brillante-flute-glass-set-6-pcs-gold-180ml
RCR - Brillante Goblet Glass Set 6 Pcs - Silver - 220ml,"LE 2,025.00","LE 2,025.00",https://sheffieldegypt.com/products/rcr-brillante-goblet-glass-set-6-pcs-silver-220ml
RCR - Brillante Flute Glass Set 6 Pcs - Silver - 180ml,"LE 2,025.00","LE 2,025.00",https://sheffieldegypt.com/products/rcr-brillante-flute-glass-set-6-pcs-silver-180ml
Bohemia Crystal - Tumbler Glass Set 6 Pcs - Silver - 280ml,"LE 2,700.00","LE 2,700.00",https://sheffieldegypt.com/products/bohemia-crystal-tumbler-glass-set-6-pcs-silver-280ml
Bohemia Crystal - Highball Glass Set 6 Pcs - Silver - 300ml,"LE 2,700.00","LE 2,700.00",https://sheffieldegypt.com/products/bohemia-crystal-highball-glass-set-6-pcs-silver-300ml
Bohemia Crystal - Flute Glass Set 6 Pcs - Silver - 150ml,"LE 2,700.00","LE 2,700.00",https://sheffieldegypt.com/products/bohemia-crystal-flute-glass-set-6-pcs-silver-150ml-1
Bohemia Crystal - Tumbler Glass Set 6 Pcs - Gold - 280ml,"LE 2,700.00","LE 2,700.00",https://sheffieldegypt.com/products/bohemia-crystal-tumbler-glass-set-6-pcs-gold-280ml
Bohemia Crystal - Highball Glass Set 6 Pcs - Gold  - 300ml,"LE 2,700.00","LE 2,700.00",https://sheffieldegypt.com/products/bohemia-crystal-highball-glass-set-6-pcs-gold-300ml
Bohemia Crystal - Goblet Glass Set 6 Pcs - Gold - 200ml,"LE 2,700.00","LE 2,700.00",https://sheffieldegypt.com/products/bohemia-crystal-goblet-glass-set-6-pcs-gold-200ml
Bohemia Crystal - Drink Set 7 Pcs - Gold - 650&230ml,"LE 5,395.00","LE 5,395.00",https://sheffieldegypt.com/products/bohemia-crystal-drink-set-7-pcs-gold-650-230ml
Bohemia Crystal - Diamond Tumbler Drink Set 7 Pieces - Grey & Silver,"LE 5,670.00","LE 5,670.00",https://sheffieldegypt.com/products/bohemia-crystal-diamond-tumbler-drink-set-grey-silver-7-pieces
Bohemia Crystal - Diamond Highball Set 6 Pcs - Silver & Grey - 260 ml,"LE 2,655.00","LE 2,655.00",https://sheffieldegypt.com/products/bohemia-crystal-diamond-highball-set-6-pcs-silver-grey-260-ml
Borcam - Round Glass Food Warmer With Stand - Silver - 2.95 Lit,LE 980.00,LE 980.00,https://sheffieldegypt.com/products/borcam-round-glass-food-warmer-with-stand-silver-2-95-lit
Pasabahce - Highball & Tumbler Glass Set 12 Pieces - Silver - 290ml & 250ml,"LE 1,315.00","LE 1,315.00",https://sheffieldegypt.com/products/pasabahce-highball-tumbler-glass-set-12-pieces-silver-290ml-250ml
RCR - Aurea Highball Glass Set 6 Pcs - 370ml -  Purple & Gold,"LE 2,825.00","LE 2,825.00",https://sheffieldegypt.com/products/rcr-aurea-highball-glass-set-6-pcs-370ml-purple-gold
RCR - Adagio Highball Set 6 Pcs - 370ml -Gold,"LE 1,935.00","LE 1,935.00",https://sheffieldegypt.com/products/rcr-adagio-highball-set-6-pcs-370ml-gold
RCR - Laurus Highball Set 6 Pcs -370ml - Gold,"LE 1,935.00","LE 1,935.00",https://sheffieldegypt.com/products/rcr-laurus-highball-set-6-pcs-370ml-gold
RCR - Marilyn Tumbler Set 6 Pcs - 310ml - Gold Rim,"LE 1,935.00","LE 1,935.00",https://sheffieldegypt.com/products/rcr-marilyn-tumbler-set-6-pcs-310ml-gold-rim
RCR - Aurea Highball Set 6 Pcs - 370ml - Gold,"LE 2,475.00","LE 2,475.00",https://sheffieldegypt.com/products/rcr-aurea-highball-set-6-pcs-370ml-gold
Arsel - Cutlery Set 89 Pcs - Silver,"LE 8,995.00","LE 8,995.00",https://sheffieldegypt.com/products/arsel-cutlery-set-89-pcs-silver-3
Arsel - Cutlery Set 89 Pcs - Silver,"LE 8,995.00","LE 8,995.00",https://sheffieldegypt.com/products/arsel-cutlery-set-89-pcs-silver-2
Arsel - Cutlery Set 89 Pcs - Silver,"LE 8,995.00","LE 8,995.00",https://sheffieldegypt.com/products/arsel-cutlery-set-89-pcs-silver-1
Arsel - Cutlery Set 89 Pcs - Silver,"LE 8,995.00","LE 8,995.00",https://sheffieldegypt.com/products/arsel-cutlery-set-89-pcs-silver
Bohemia Crystal - Macao Box 20.5 cm - Clear,"LE 2,730.00","LE 2,730.00",https://sheffieldegypt.com/products/bohemia-crystal-macao-box-20-5-cm-clear
Zenker - Lasagne Tin-and Roasting Pan - Black - 40 × 29 × 6cm,LE 665.00,LE 665.00,https://sheffieldegypt.com/products/zenker-lasagne-tin-and-roasting-pan-black-40-29-6cm
Zenker - Rectangular oven tray - 38 cm - Black,"LE 1,260.00","LE 1,260.00",https://sheffieldegypt.com/products/zenker-rectangular-oven-tray-38-cm-black
Zenker - Round Pizza Tray - Black - 28cm,LE 765.00,LE 765.00,https://sheffieldegypt.com/products/zenker-round-pizza-tray-black-28cm
ArdaCam - Footed Cake Stand 35.2 x 19.7 x 13.2 cm Gold Spots/White,"LE 1,035.00","LE 1,035.00",https://sheffieldegypt.com/products/ardacam-footed-cake-stand-35-2-x-19-7-x-13-2-cm-gold-spots-white
ArdaCam - Footed Plate - 33 x 9.5 cm - Metallic Straw Yellow,LE 855.00,LE 855.00,https://sheffieldegypt.com/products/ardacam-footed-plate-33-x-9-5-cm-metallic-straw-yellow
BergHOFF - Grill pan with Detachable Handle Phantom - 26cm - Black,"LE 4,005.00","LE 4,005.00",https://sheffieldegypt.com/products/berghoff-grill-pan-with-detachable-handle-phantom-26cm-black
BergHOFF - Frying Pan with Detachable Handle Phantom - 28cm - Black,"LE 3,865.00","LE 3,865.00",https://sheffieldegypt.com/products/berghoff-frying-pan-with-detachable-handle-phantom-28cm-black
BergHOFF - Frying Pan with Detachable Handle Phantom - 20cm - Black,"LE 2,955.00","LE 2,955.00",https://sheffieldegypt.com/products/berghoff-frying-pan-with-detachable-handle-phantom-20cm-black
Berghoff- Leo - 3 Pc Starter Knife Set Legacy - Stainless Steel,"LE 2,055.00","LE 2,055.00",https://sheffieldegypt.com/products/berghoff-leo-3-pc-starter-knife-set-legacy-stainless-steel
Berghoff - 4-side grater -Black - 10*8*23cm,"LE 1,175.00","LE 1,175.00",https://sheffieldegypt.com/products/berghoff-4-side-grater-black-10-8-23cm
Berghoff - 24 Pieces Cutlery Set Balance Moonbeam - Beige,"LE 3,595.00","LE 3,595.00",https://sheffieldegypt.com/products/berghoff-24-pieces-cutlery-set-balance-moonbeam-beige
Berghoff - 24 Pieces Cutlery Set Balance Moonmist - Grey,"LE 3,595.00","LE 3,595.00",https://sheffieldegypt.com/products/berghoff-24-pieces-cutlery-set-balance-moonmist
Berghoff - Cookware set non-stick Glints Spirit 7 pcs,"LE 8,745.00","LE 8,745.00",https://sheffieldegypt.com/products/berghoff-cookware-set-non-stick-glints-spirit-7-pcs
BergHOFF - Covered stockpot Stone Phantom - 28cm - Cast Aluminum,"LE 8,255.00","LE 8,255.00",https://sheffieldegypt.com/products/berghoff-covered-stockpot-stone-phantom-28cm-cast-aluminum
Berghoff - Frying Pan with detachable Handle - 32cm - Black,"LE 4,625.00","LE 4,625.00",https://sheffieldegypt.com/products/berghoff-frying-pan-with-detachable-handle-32cm-black
BergHOFF - Frying Pan with Detachable Handle - 24cm - Black,"LE 3,215.00","LE 3,215.00",https://sheffieldegypt.com/products/berghoff-gem-frying-pan-with-detachable-handle-24cm-black
Bohemia Crystal - Drink Set 7 Pcs - Gold Rim - 1L&240ml,"LE 4,995.00","LE 4,995.00",https://sheffieldegypt.com/products/bohemia-crystal-drink-set-7-pcs-gold-rim-1l-240ml-2
Bohemia Crystal - Drink Set 7 Pcs - Gold Rim - 1L&240ml,"LE 4,995.00","LE 4,995.00",https://sheffieldegypt.com/products/bohemia-crystal-drink-set-7-pcs-gold-rim-1l-240ml-1
Bohemia Crystal - Drink Set 7 Pcs - Gold Rim - 1L&240ml,"LE 4,995.00","LE 4,995.00",https://sheffieldegypt.com/products/bohemia-crystal-drink-set-7-pcs-gold-rim-1l-240ml
Bohemia Crystal - Alex Jelly Glass Set 6 Pcs - Clear - 300ml,"LE 1,620.00","LE 1,620.00",https://sheffieldegypt.com/products/bohemia-crystal-alex-jelly-glass-set-6-pcs-clear-300ml
Bohemia Crystal - Vega Ashtray 14.5 cm - Clear,"LE 1,130.00","LE 1,130.00",https://sheffieldegypt.com/products/bohemia-crystal-vega-ashtray-14-5-cm-clear
Bohemia Crystal - Neptune Footed Bowl 25.5 cm - Clear,"LE 2,915.00","LE 2,915.00",https://sheffieldegypt.com/products/bohemia-crystal-neptune-footed-bowl-25-5-cm-clear
Bohemia Crystal - Hand Cut Crystal Vase 20.5 cm - Clear,"LE 2,700.00","LE 2,700.00",https://sheffieldegypt.com/products/bohemia-crystal-hand-cut-crystal-vase-20-5-cm-clear
Bohemia Crystal - Brandy Glass Set 6 Pcs - Silver Rim - 400ml,"LE 1,335.00","LE 1,335.00",https://sheffieldegypt.com/products/bohemia-crystal-brandy-glass-set-6-pcs-silver-rim-400ml
Bohemia Crystal - Flute Glass Set 6 Pcs - Gold Rim - 150ml,"LE 1,335.00","LE 1,335.00",https://sheffieldegypt.com/products/bohemia-crystal-flute-glass-set-6-pcs-gold-rim-150ml
Bohemia Crystal - Jelly Set 6 Pcs 500 PK - Clear - 180ml,"LE 1,620.00","LE 1,620.00",https://sheffieldegypt.com/products/bohemia-crystal-jelly-set-6-pcs-500-pk-clear-180ml
Bohemia Crystal - Jelly Set 6 Pcs Silver Rim - 300ml,"LE 1,440.00","LE 1,440.00",https://sheffieldegypt.com/products/bohemia-crystal-jelly-set-6-pcs-silver-rim-300ml
Bohemia Crystal - Highball & Tumbler Set 12 Pcs - Gold - 300&280 ml,"LE 2,455.00","LE 2,455.00",https://sheffieldegypt.com/products/bohemia-crystal-highball-tumbler-set-12-pcs-gold-300-280-ml
Bohemia Crystal - Flair Goblet Glass Set 6 Pcs 250ml - Blue,"LE 1,035.00","LE 1,035.00",https://sheffieldegypt.com/products/bohemia-crystal-flair-goblet-glass-set-6-pcs-250ml-blue
Bohemia Crystal - Fortune Jelly Glass Set 6 Pcs - 300ml - Clear,"LE 1,620.00","LE 1,620.00",https://sheffieldegypt.com/products/bohemia-crystal-fortune-jelly-glass-set-6-pcs-190ml-clear
Bohemia Crystal - Jelly Glass Set 6 Pcs - Gold Rim - 200ml,"LE 1,335.00","LE 1,335.00",https://sheffieldegypt.com/products/bohemia-crystal-jelly-glass-set-6-pcs-gold-rim-200ml
Bohemia Crystal - Jelly Glass Set 6 Pcs - Silver Rim - 200ml,"LE 1,335.00","LE 1,335.00",https://sheffieldegypt.com/products/bohemia-crystal-jelly-glass-set-6-pcs-silver-rim-200ml
Bohemia Crystal - Brandy Glass Set 6 Pcs - Gold Rim -400ml,"LE 1,335.00","LE 1,335.00",https://sheffieldegypt.com/products/bohemia-crystal-brandy-glass-set-6-pcs-gold-rim-380ml
Bohemia Crystal - Flute Glass Set 6 Pcs - Silver Rim - 150ml,"LE 1,335.00","LE 1,335.00",https://sheffieldegypt.com/products/bohemia-crystal-flute-glass-set-6-pcs-silver-rim-190ml
Bohemia Crystal - Goblet Glass Set 6 Pcs - Silver Rim - 200ml,"LE 1,335.00","LE 1,335.00",https://sheffieldegypt.com/products/bohemia-crystal-goblet-glass-set-6-pcs-silver-rim-185ml
Bohemia Crystal - Flute Set 6 Pcs 500PK Clear - 150ml,"LE 1,620.00","LE 1,620.00",https://sheffieldegypt.com/products/bohemia-crystal-flute-set-6-pcs-500pk-clear-190ml
Bohemia Crystal - Flute Glass Set 6 Pcs Silver - 200ml,"LE 1,105.00","LE 1,105.00",https://sheffieldegypt.com/products/bohemia-crystal-flute-glass-set-6-pcs-silver-150ml
Bohemia Crystal - Jelly Set 6 Pcs Silver rim - 300 ml,"LE 1,440.00","LE 1,440.00",https://sheffieldegypt.com/products/bohemia-crystal-jelly-set-6-pcs-silver-rim-190-ml
Bohemia Crystal - Elizabeth Goblet Set 6 Pcs 200 ml,"LE 1,035.00","LE 1,035.00",https://sheffieldegypt.com/products/bohemia-crystal-elizabeth-goblet-set-6-pcs-190-ml
Bohemia Crystal - Gloria Goblet Glass Set 6 Pcs 250ml - Gold,"LE 1,215.00","LE 1,215.00",https://sheffieldegypt.com/products/bohemia-crystal-gloria-goblet-glass-set-6-pcs-200ml-gold
Bohemia Crystal - Grus Flute Glass Set 6 Pcs - Silver Rim - 200ml,"LE 1,215.00","LE 1,215.00",https://sheffieldegypt.com/products/bohemia-crystal-grus-flute-glass-set-6-pcs-silver-rim-150ml
Bohemia Crystal - Patriot Goblet Glass Set  6 Pcs - Clear - 250ml,"LE 1,620.00","LE 1,620.00",https://sheffieldegypt.com/products/bohemia-crystal-patriot-goblet-glass-set-6-pcs-clear-250ml
Bohemia Crystal - Flute Glass Set 6 Pcs 500 PK - 250 ml,"LE 7,400.00","LE 7,400.00",https://sheffieldegypt.com/products/bohemia-crystal-flute-glass-set-6-pcs-500-pk-200-ml
Pashabache - Highball & Tumbler Glass Set 12 Pcs Gold - 305ml & 250ml,"LE 1,315.00","LE 1,315.00",https://sheffieldegypt.com/products/pashabache-highball-tumbler-glass-set-12-pcs-gold
Bohemia Crystal - Vase Clear 500 PK -12x24 cm,LE 990.00,LE 990.00,https://sheffieldegypt.com/products/bohemia-crystal-vase-clear-500-pk-12x24-cm
Bohemia Crystal - Vase Clear 500 PK - 16x30 cm,"LE 1,690.00","LE 1,690.00",https://sheffieldegypt.com/products/bohemia-crystal-vase-clear-500-pk-16x30-cm-1
Bohemia Crystal - Vase Clear 500 PK - 16x30 cm,"LE 1,690.00","LE 1,690.00",https://sheffieldegypt.com/products/bohemia-crystal-vase-clear-500-pk-16x30-cm
Bohemia Crystal - Vase Clear 500 PK - 15x20 cm,"LE 1,305.00","LE 1,305.00",https://sheffieldegypt.com/products/bohemia-crystal-vase-clear-500-pk-15x20-cm
Bohemia Crystal - Ashtray Clear 500 PK - 14x5 cm,LE 975.00,LE 975.00,https://sheffieldegypt.com/products/bohemia-crystal-ashtray-clear-500-pk
Bohemia Crystal - Vase Clear 500 PK - 13x25cm,LE 990.00,LE 990.00,https://sheffieldegypt.com/products/bohemia-crystal-vase-clear-500-pk-13x25cm
Bohemia Crystal - Crystal Vase - 10x20 cm,LE 655.00,LE 655.00,https://sheffieldegypt.com/products/bohemia-crystal-crystal-vase-10x20-cm
Bohemia Crystal - Crystal Box - 14x18 cm,LE 995.00,LE 995.00,https://sheffieldegypt.com/products/bohemia-crystal-crystal-box-14x18-cm
Bohemia Crystal - Crystal Box - 14x25 cm,"LE 1,440.00","LE 1,440.00",https://sheffieldegypt.com/products/bohemia-crystal-crystal-box
Bohemia Crystal - Crystal Vase - 12x20 cm,LE 795.00,LE 795.00,https://sheffieldegypt.com/products/bohemia-crystal-crystal-vase-12x20-cm
Bohemia Crystal - Box Clear 500 PK - 14x5 cm,LE 990.00,LE 990.00,https://sheffieldegypt.com/products/bohemia-crystal-box-clear-500-pk
Elegant Gioiel - Sky Rectangular Tray Set with Handles 3 Pieces - Silver - Stainless Steel 18/10,"LE 6,660.00","LE 6,660.00",https://sheffieldegypt.com/products/elegant-gioiel-sky-rectangular-tray-set-with-handles-3-pieces-silver-stainless-steel-18-10
Elegant Gioiel - Sky Rectangular Tray Set with Handles 3 Pieces - Gold - Stainless Steel 18/10,"LE 7,380.00","LE 7,380.00",https://sheffieldegypt.com/products/elegant-gioiel-sky-rectangular-tray-set-with-handles-3-pieces-gold-stainless-steel-18-10
Elegant Gioiel - Romy Rectangular Tray Set with Handles 3 Pieces -Silver - Stainless Steel 18/10,"LE 6,660.00","LE 6,660.00",https://sheffieldegypt.com/products/elegant-gioiel-romy-rectangular-tray-set-with-handles-3-pieces-silver-stainless-steel-18-10
Elegant Gioiel - Romy Rectangular Tray Set with Handles 3 Pieces - Gold - Stainless Steel 18/10,"LE 7,380.00","LE 7,380.00",https://sheffieldegypt.com/products/elegant-gioiel-romy-rectangular-tray-set-with-handles-3-pieces-gold-stainless-steel-18-10
Elegant Gioiel - Riga Rectangular Tray Set with Handles 2 Pieces - Silver - Stainless Steel 18/10,"LE 5,400.00","LE 5,400.00",https://sheffieldegypt.com/products/elegant-gioiel-riga-rectangular-tray-set-with-handles-2-pieces-silver-stainless-steel-18-10
Elegant Gioiel - Riga Rectangular Tray Set with Handles 2 Pieces - Gold - Stainless Steel 18/10,"LE 6,660.00","LE 6,660.00",https://sheffieldegypt.com/products/elegant-gioiel-riga-rectangular-tray-set-with-handles-2-pieces-gold-stainless-steel-18-10
Elegant Gioiel - Ribery Rectangular Tray Set with Handles 3 Pieces - Silver - Stainless Steel 18/10,"LE 9,200.00","LE 9,200.00",https://sheffieldegypt.com/products/elegant-gioiel-ribery-rectangular-tray-set-with-handles-3-pieces-silver-stainless-steel-18-10
Elegant Gioiel - Ribery Rectangular Tray Set with Handles 3 Pieces - Gold - Stainless Steel 18/10,"LE 9,720.00","LE 9,720.00",https://sheffieldegypt.com/products/elegant-gioiel-ribery-rectangular-tray-set-with-handles-3-pieces-gold-stainless-steel-18-10
Elegant Gioiel - Marta Rectangular Tray Set with Handles 3 Pieces - Silver - Stainless Steel 18/10,"LE 8,640.00","LE 8,640.00",https://sheffieldegypt.com/products/elegant-gioiel-marta-rectangular-tray-set-with-handles-3-pieces-silver-stainless-steel-18-10
Elegant Gioiel - Marta Rectangular Tray Set with Handles 3 Pieces - Gold - Stainless Steel 18/10,"LE 10,260.00","LE 10,260.00",https://sheffieldegypt.com/products/elegant-gioiel-marta-rectangular-tray-set-with-handles-3-pieces-gold-stainless-steel-18-10
Elegant Gioiel - Inis Rectangular Tray Set with Handles 3 Pieces - Silver - Stainless Steel 18/10,"LE 8,280.00","LE 8,280.00",https://sheffieldegypt.com/products/elegant-gioiel-inis-rectangular-tray-set-with-handles-3-pieces-silver-stainless-steel-18-10
Elegant Gioiel - Inis Rectangular Tray Set with Handles 3 Pieces - Gold - Stainless Steel 18/10,"LE 9,720.00","LE 9,720.00",https://sheffieldegypt.com/products/elegant-gioiel-inis-rectangular-tray-set-with-handles-3-pieces-gold-stainless-steel-18-10
Elegant Gioiel - Greca Rectangular Tray Set with Handles 2 Pieces - Silver - Stainless Steel 18/10,"LE 5,400.00","LE 5,400.00",https://sheffieldegypt.com/products/elegant-gioiel-greca-rectangular-tray-set-with-handles-2-pieces-silver-stainless-steel-18-10
Elegant Gioel - Tray Set with Handles 3 Pieces - Gold - Stainless Steel 18/10,"LE 9,675.00","LE 9,675.00",https://sheffieldegypt.com/products/elegant-gioel-tray-set-with-handles-3-pieces-gold-stainless-steel-18-10
Nehir - Vega Rectangular Tray Set With Feet 2 Pcs - Silver Matt,"LE 3,550.00","LE 3,550.00",https://sheffieldegypt.com/products/nehir-vega-rectangular-tray-set-with-feet-2-pcs-silver-matt
Nehir - Vega Rectangular Tray Set 2 Pcs - Silver Matt - Stainless Steel,"LE 3,105.00","LE 3,105.00",https://sheffieldegypt.com/products/nehir-vega-rectangular-tray-set-2-pcs-silver-matt-stainless-steel
Bohemia Crystal - Picadelli Vase - 28cm - Clear,"LE 2,150.00","LE 2,150.00",https://sheffieldegypt.com/products/bohemia-crystal-picadelli-vase-28cm-clear
Risoli - Oval roasting pan with Glass lid- Die Cast Aluminum - 36X24cm - Black,"LE 2,920.00","LE 2,920.00",https://sheffieldegypt.com/products/risoli-plus-oval-tajin-with-glass-lid-die-cast-aluminum-36x24cm-black
Risoli -  Multipurpose Plus Pan - Die Cast Aluminum - 40x25cm - Black,"LE 4,100.00","LE 4,100.00",https://sheffieldegypt.com/products/risoli-multipurpose-plus-pan-die-cast-aluminum-40x25cm-black
Risoli - Granito Frypan with Silver BK Handle - Black - Die Cast Aluminum - 20cm,"LE 1,545.00","LE 1,545.00",https://sheffieldegypt.com/products/risoli-deep-fry-pan-granito-hard-stone-bak-handle-20cm-black
Risoli - Grill With Wood Folding Handle - 26cm - Die Cast Aluminum,"LE 1,435.00","LE 1,435.00",https://sheffieldegypt.com/products/risoli-grill-with-wood-folding-handle-26cm-die-cast-aluminum
ArdaCam - Sade Footed Serving Platter - Silver & Clear - 27.5 cm,LE 775.00,LE 775.00,https://sheffieldegypt.com/products/ardacam-sade-footed-serving-platter-silver-clear-27-5-cm
ArdaCam - 2 Tiers 28 x 25.5 cm - Clear,"LE 1,115.00","LE 1,115.00",https://sheffieldegypt.com/products/ardacam-2-tiers-28-x-25-5-cm-clear
Senzo - S Shape Wooden Salad Bowl - Wood & Porcelain,LE 325.00,LE 325.00,https://sheffieldegypt.com/products/senzo-s-shape-wooden-salad-bowl-wood-porcelain
Berghoff - 4-side grater - Stainless Steel - Height 23cm - Black,LE 715.00,LE 715.00,https://sheffieldegypt.com/products/berghoff-4-side-grater-stainless-steel-hight-23cm
BergHOFF - A brush covered with soup - Stainless Steel,LE 775.00,LE 775.00,https://sheffieldegypt.com/products/berghoff-a-brush-covered-with-soup-stainless-steel
BergHOFF - Flat spatula for grilling - Stainless Steel,LE 680.00,LE 680.00,https://sheffieldegypt.com/products/berghoff-flat-spatula-for-grilling-stainless-steel
"BergHOFF - Stainless steel casserole with lid, 20 cm - Silver","LE 4,250.00","LE 4,250.00",https://sheffieldegypt.com/products/berghoff-stainless-steel-casserole-with-lid-20-cm-silver
BergHOFF - Leo - Covered saucepan Phantom 18cm - Black,"LE 4,555.00","LE 4,555.00",https://sheffieldegypt.com/products/berghoff-leo-covered-saucepan-phantom-18cm-black
BergHOFF - Leo - Covered stockpot Phantom 24x14cm - Black,"LE 6,805.00","LE 6,805.00",https://sheffieldegypt.com/products/berghoff-leo-covered-stockpot-phantom-24x14cm-black
"BergHOFF - Leo - Covered stockpot Phantom 24x11,50cm - Black","LE 6,355.00","LE 6,355.00",https://sheffieldegypt.com/products/berghoff-leo-covered-stockpot-phantom-24x11-50cm-black
BergHOFF - Leo - Covered casserole Phantom 20cm - Black,"LE 5,095.00","LE 5,095.00",https://sheffieldegypt.com/products/berghoff-leo-covered-casserole-phantom-20cm-black
Berghoff - Frying Pan with detachable Handle Black 20cm,"LE 2,285.00","LE 2,285.00",https://sheffieldegypt.com/products/berghoff-frying-pan-with-detachable-handle-black-20cm
Berghoff - Frying Pan with Detachable Handle Black 28 cm,"LE 3,705.00","LE 3,705.00",https://sheffieldegypt.com/products/berghoff-frying-pan-with-detachable-handle-black-28-cm
Berghoff - 72 piece flatware set Finesse - Stainless Steel - Silver,"LE 15,595.00","LE 15,595.00",https://sheffieldegypt.com/products/berghoff-72-piece-flatware-set-finesse-stainless-steel-silver
Berghoff - Leo - Covered stockpot non-stick Forest 24x14cm - Cast Aluminum - Green,"LE 3,695.00","LE 3,695.00",https://sheffieldegypt.com/products/berghoff-leo-covered-stockpot-non-stick-forest-24x14cm-cast-aluminum-green
Bohemia Crystal - Rounded shapes Crystal Candle Holder - Hand Cut - Clear - 9x16cm,"LE 1,215.00","LE 1,215.00",https://sheffieldegypt.com/products/bohemia-crystal-square-shapes-crystal-candle-holder-clear
Bohemia Crystal - Magma Hand Cut Footed Vase - Clear - 19x29cm,"LE 4,750.00","LE 4,750.00",https://sheffieldegypt.com/products/bohemia-crystal-magma-hand-cut-footed-vase-clear
Bohemia Crystal - Hand Cut Crystal Vase - Clear - 13x30cm,"LE 4,455.00","LE 4,455.00",https://sheffieldegypt.com/products/bohemia-crystal-hand-cut-crystal-vase-clear-2
Bohemia Crystal - Hand Cut Crystal Vase - Clear - 18x35cm,"LE 3,735.00","LE 3,735.00",https://sheffieldegypt.com/products/bohemia-crystal-hand-cut-crystal-vase-clear-1
Bohemia Crystal - Hand Cut Crystal Vase - Clear - 15x24cm,"LE 3,735.00","LE 3,735.00",https://sheffieldegypt.com/products/bohemia-crystal-hand-cut-crystal-vase-clear
Bohemia Crystal - Hand Cut Crystal Candle Holder - Gold & Floral Design - 12x21cm,"LE 3,825.00","LE 3,825.00",https://sheffieldegypt.com/products/bohemia-crystal-hand-cut-crystal-candle-holder-gold-floral-design
Bohemia Crystal - Hand Cut Crystal Candle Holder - Clear - 9x21cm,"LE 2,295.00","LE 2,295.00",https://sheffieldegypt.com/products/bohemia-crystal-hand-cut-crystal-candle-holder-clear-1
Bohemia Crystal - Hand Cut Crystal Candle Holder - Clear - 12x26cm,"LE 2,700.00","LE 2,700.00",https://sheffieldegypt.com/products/bohemia-crystal-hand-cut-crystal-candle-holder-clear
Bohemia Crystal - Etagere silver - Hand Cut -30x38cm,"LE 5,355.00","LE 5,355.00",https://sheffieldegypt.com/products/bohemia-crystal-etagere-silver-2
Bohemia Crystal - Etagere silver- Hand Cut - 30x39cm,"LE 4,275.00","LE 4,275.00",https://sheffieldegypt.com/products/bohemia-crystal-etagere-silver-1
Bohemia Crystal - Etagere silver - Hand Cut - 30x38cm,"LE 5,355.00","LE 5,355.00",https://sheffieldegypt.com/products/bohemia-crystal-etagere-silver
Bohemia Crystal - Etagere Gold - Hand Cut - 27x42cm,"LE 4,725.00","LE 4,725.00",https://sheffieldegypt.com/products/bohemia-crystal-etagere-gold-2
Bohemia Crystal - Etagere Gold - Hand Cut - 38cm,"LE 4,725.00","LE 4,725.00",https://sheffieldegypt.com/products/bohemia-crystal-etagere-gold-1
Bohemia Crystal - Etagere Gold - Hand Cut - 30x42cm,"LE 4,725.00","LE 4,725.00",https://sheffieldegypt.com/products/bohemia-crystal-etagere-gold
Bohemia Crystal - Etagere 500 PK Gold - Hand Cut - 27x40cm,"LE 4,050.00","LE 4,050.00",https://sheffieldegypt.com/products/bohemia-crystal-etagere-500-pk
Bohemia Crystal - Doubled Crystal Candle Holder- Hand Cut - Clear - 21x10x13cm,"LE 1,195.00","LE 1,195.00",https://sheffieldegypt.com/products/bohemia-crystal-doubled-crystal-candle-holder-clear
Bohemia Crystal - Dotted Crystal Vase - Hand Cut - Clear - 9x18cm,LE 765.00,LE 765.00,https://sheffieldegypt.com/products/bohemia-crystal-dotted-crystal-vase-clear-1
Bohemia Crystal - Dotted Crystal Vase - Hand Cut - Clear - 7x10cm,LE 665.00,LE 665.00,https://sheffieldegypt.com/products/bohemia-crystal-dotted-crystal-vase-clear
Bohemia Crystal - Crystal Oval Tray with Handles - Hand Cut - Clear - 37x26x4cm,"LE 2,070.00","LE 2,070.00",https://sheffieldegypt.com/products/bohemia-crystal-crystal-oval-tray-with-handles-clear-1
Bohemia Crystal - Crystal Oval Tray With Handles - Hand Cut - Clear - 28x20x3cm,"LE 1,690.00","LE 1,690.00",https://sheffieldegypt.com/products/bohemia-crystal-crystal-oval-tray-with-handles-clear
Bohemia Crystal - Crystal Biscuit Tray with Handles - Clear - 30x6x5cm,"LE 1,195.00","LE 1,195.00",https://sheffieldegypt.com/products/bohemia-crystal-crystal-biscuit-tray-with-handles-clear-1
Bohemia Crystal - Crystal Biscuit Tray With Handles - Hand Cut - Clear - 23x7x5cm,"LE 1,035.00","LE 1,035.00",https://sheffieldegypt.com/products/bohemia-crystal-crystal-biscuit-tray-with-handles-clear
Bohemia Crystal - Colosseum Hand Cut Vase - Clear - 18x35cm,"LE 4,445.00","LE 4,445.00",https://sheffieldegypt.com/products/bohemia-crystal-colosseum-hand-cut-vase-clear-1
Bohemia Crystal - Colosseum Hand Cut Vase - Clear - 17x29cm,"LE 3,825.00","LE 3,825.00",https://sheffieldegypt.com/products/bohemia-crystal-colosseum-hand-cut-vase-clear
AMT - Black Pot with Glass Lid - Cast Aluminum - 32cm Height 8cm - Black,"LE 4,995.00","LE 4,995.00",https://sheffieldegypt.com/products/amt-black-pot-with-glass-lid-cast-aluminum-32cm-height-8cm-black
AMT - Black Pot with Glass Lid - Cast Aluminum - 28cm - Height 8cm - Black,"LE 4,495.00","LE 4,495.00",https://sheffieldegypt.com/products/amt-black-pot-with-glass-lid-cast-aluminum-28cm-height-8cm-black
AMT - Black Pot with Glass Lid - Cast Aluminum - 24cm Height 8cm - Black,"LE 4,095.00","LE 4,095.00",https://sheffieldegypt.com/products/amt-black-pot-with-glass-lid-cast-aluminum-24cm-height-8cm-black
AMT Gastroguss - Wok with Lid 32 cm Die Cast Aluminum - Black,"LE 5,795.00","LE 5,795.00",https://sheffieldegypt.com/products/amt-gastroguss-wok-with-lid-32-cm-die-cast-aluminum-black
AMT - Gastroguss - Non-Stick Wok Pan 30cm Die Cast Aluminum with Glass Cover- Black,"LE 5,395.00","LE 5,395.00",https://sheffieldegypt.com/products/amt-gastroguss-non-stick-wok-pan-30cm-die-cast-aluminum-with-glass-cover-black
AMT - Sauce Pan with lid 18 cm - Cast Aluminum with Titanium Coating - Black,"LE 3,845.00","LE 3,845.00",https://sheffieldegypt.com/products/amt-sauce-pan-with-lid-18-cm
AMT - Round Cooking Pot with Handles Height 16cm Cast Aluminum 32cm Black With pyrex lid 32cm,"LE 6,995.00","LE 6,995.00",https://sheffieldegypt.com/products/amt-round-cooking-pot-with-handles-height-16-cm-cast-aluminum-32-cm-black-pyrex-lid-32-cm
Pasabahce - Flute Glass Set 6 Pieces - Gold - 170ml,"LE 1,695.00","LE 1,695.00",https://sheffieldegypt.com/products/pasabahce-flute-glass-set-6-pieces-gold-170ml
Pasabahce - Aquatic Glass Set 12 Pcs Clear 370 ml & 225 ml,LE 630.00,LE 630.00,https://sheffieldegypt.com/products/pasabahce-aquatic-glass-set-12-pcs-clear
Pasabahce - Twist Jelly Glass Set 6 Pcs Clear - 280 ml,LE 495.00,LE 495.00,https://sheffieldegypt.com/products/pasabahce-twist-jelly-glass-set-6-pcs-clear
Pasabahce - Mesina Green Tray - 40 cm - Turquoise,"LE 1,295.00","LE 1,295.00",https://sheffieldegypt.com/products/pasabahce-mesina-green-tray-40-cm-recycled
Pasabahce - Valencia Vase 30cm - Turquoise,"LE 1,580.00","LE 1,580.00",https://sheffieldegypt.com/products/pasabahce-valencia-vase-30cm-recycled
Pasabahce - Vase Sahara 33Cm - Turquoise,"LE 2,920.00","LE 2,920.00",https://sheffieldegypt.com/products/pasabahce-vase-sahara-33cm-recycled
Pasabahce - Vitrocolor Primavera Hammered Bottle Vase 42 cm - Turquoise,"LE 2,855.00","LE 2,855.00",https://sheffieldegypt.com/products/pasabahce-vitrocolor-primavera-hammered-bottle-vase-42-cm
"Pasabahce - Spanish Carafe 16L ,42 Cm - Turquoise","LE 2,765.00","LE 2,765.00",https://sheffieldegypt.com/products/pasabahce-spanish-carafe-16l-42-cm-recycled
"Pasabahce - Spanish Carafe 8L, 35 Cm - Turquoise","LE 1,590.00","LE 1,590.00",https://sheffieldegypt.com/products/pasabahce-spanish-carafe-8l-35-cm-recycled
Pasabahce - Highball Glass Set 4 Pcs -Long Drink-365 ml,LE 895.00,LE 895.00,https://sheffieldegypt.com/products/pasabahce-highball-glass-set-long-drink-365-ml
Pasabahce - Ice Cream Cup Set 6 Pcs Clear – 185ml,LE 335.00,LE 335.00,https://sheffieldegypt.com/products/pasabahce-ice-cream-cup-set-6-pcs-clear-185ml
Pasabahce - Symphony Cocktail Glass Set 6 Pieces- 240 ml,LE 540.00,LE 540.00,https://sheffieldegypt.com/products/pasabahce-symphony-champagne-coupe-glass-243ml
"Pasabahce V-Line Champagne Flute Glass - Pink, 200ml",LE 575.00,LE 575.00,https://sheffieldegypt.com/products/pasabahce-v-line-champagne-flute-glass-pink-200ml
Falkenporzellan - Dinnerset 59 Pcs - Porcelain - Silver,"LE 112,750.00","LE 112,750.00",https://sheffieldegypt.com/products/falkenporzellan-dinnerset-59-pcs-porcelain-4
Falkenporzellan - Dinnerset 59 Pcs - Porcelain - Gold,"LE 112,750.00","LE 112,750.00",https://sheffieldegypt.com/products/falkenporzellan-dinnerset-59-pcs-porcelain-3
Falkenporzellan - Dinnerset 59 Pcs - Porcelain - Gold,"LE 94,545.00","LE 94,545.00",https://sheffieldegypt.com/products/falkenporzellan-dinnerset-59-pcs-porcelain-2
Falkenporzellan - Dinnerset 59 Pcs - Porcelain - Gold,"LE 109,500.00","LE 109,500.00",https://sheffieldegypt.com/products/falkenporzellan-dinnerset-59-pcs-porcelain-1
Berghoff - Dina Covered Casserole Stainless Steel - 20 cm,"LE 2,895.00","LE 2,895.00",https://sheffieldegypt.com/products/berghoff-dina-covered-casserole-stainless-steel-20-cm
Berghoff - Dina Covered Pot Stainless Steel - 20x15 cm,"LE 4,095.00","LE 4,095.00",https://sheffieldegypt.com/products/berghoff-dina-covered-pot-stainless-steel-20x15-cm
Berghoff - Dina Wok Stainless Steel - 30 cm,"LE 5,245.00","LE 5,245.00",https://sheffieldegypt.com/products/berghoff-dina-wok-stainless-steel-30-cm
Berghoff - Dina Covered Saucepan Stainless Steel - 16 cm,"LE 2,275.00","LE 2,275.00",https://sheffieldegypt.com/products/berghoff-dina-covered-saucepan-stainless-steel-16-cm
Berghoff - Whistling Kettle - stainless steel 18/10 - 2.5L,"LE 4,045.00","LE 4,045.00",https://sheffieldegypt.com/products/berghoff-whistling-kettle-2-5l
Falkenporzellan - Dinnerset 59 Pcs - Porcelain,"LE 114,750.00","LE 114,750.00",https://sheffieldegypt.com/products/falkenporzellan-dinnerset-59-pcs-porcelain
Falkenporzellan - Dinner Set 59 Pcs Bronze - Porcelain,"LE 75,960.00","LE 75,960.00",https://sheffieldegypt.com/products/falkenporzellan-dinner-set-56-pcs-bronze-porcelain
Berghoff - 3-side grater - Stainless Steel - Hight 26cm,"LE 1,175.00","LE 1,175.00",https://sheffieldegypt.com/products/berghoff-3-side-grater-h26cm
Falkenporzellan - Dinner Set 59 Pcs Gold - Porcelain,"LE 75,960.00","LE 75,960.00",https://sheffieldegypt.com/products/falkenporzellan-dinner-set-56-pcs-gold-porcelain
Falkenporzellan - Dinner Set 59 Pcs Porcelain Gold - Porcelain,"LE 82,000.00","LE 82,000.00",https://sheffieldegypt.com/products/falkenporzellan-dinner-set-59-pcs-porcelain-gold-porcelain
Berghoff - 20 Pcs Knife Set in Wooden Block - Stainless Steel,"LE 9,645.00","LE 9,645.00",https://sheffieldegypt.com/products/berghoff-20-pcs-knife-set-in-wooden-block
Berghoff - Spaghetti Pasta Spoon - Nylon - Gray,LE 465.00,LE 465.00,https://sheffieldegypt.com/products/berghoff-spaghetti-pasta-spoon
Nava - Misty Spaghetti serving spoon - Nylon - 34cm,LE 275.00,LE 275.00,https://sheffieldegypt.com/products/nava-misty-spaghetti-serving-spoon-34cm
Nava - Acer Stainless Steel Peeler - 19cm,LE 195.00,LE 195.00,https://sheffieldegypt.com/products/nava-acer-stainless-steel-peeler-19cm
Nava -Acer Cheese slicer - Stainless Steel - 23cm,LE 215.00,LE 215.00,https://sheffieldegypt.com/products/nava-acer-cheese-slicer-23cm
Nava - Acer Slotted serving spatula - 35cm - Stainless Steel,LE 315.00,LE 315.00,https://sheffieldegypt.com/products/nava-acer-slotted-serving-spatula-35cm
Nava - Misty Grater 4 sides - 22cm - Stainless Steel,LE 435.00,LE 435.00,https://sheffieldegypt.com/products/nava-misty-grater-4-sides-22cm
Nava - Acer Grater 6 sides - 22cm - Stainless Steel,LE 365.00,LE 365.00,https://sheffieldegypt.com/products/nava-acer-grater-6-sides-22cm
Nava - Misty Garlic Press - 20.5cm - Stainless Steel,LE 405.00,LE 405.00,https://sheffieldegypt.com/products/nava-misty-garlic-press-20-5cm
Nava - Misty 5 Blade herb scissors with cleaning comb - 19cm - Stainless Steel,LE 355.00,LE 355.00,https://sheffieldegypt.com/products/nava-misty-5-blade-herb-scissors-with-cleaning-comb-19cm
Pasabahce - Diony - Highball Glass Set 6 Pcs - 265 ml,LE 475.00,LE 475.00,https://sheffieldegypt.com/products/pasabahce-diony-highball-glass-set-6-pcs-265-ml
Pasabahce - Diony - whisky -Set 6 Pcs 320 ml,LE 540.00,LE 540.00,https://sheffieldegypt.com/products/pasabahce-diony-whisky-set-6-pcs-320-ml
ArdaCam - Etagere 2 Levels Gold,LE 975.00,LE 975.00,https://sheffieldegypt.com/products/ardacam-etagere-2-levels-gold
"ArdaCam  Serving Plate - White, 35.2*19.7 cm",LE 895.00,LE 895.00,https://sheffieldegypt.com/products/ardacam-serving-plate-white-35-2-19-7-cm
ArdaCam - Etagere 2 Levels Silver,LE 975.00,LE 975.00,https://sheffieldegypt.com/products/ardacam-etagere-2-levels-silver
Pasabahce - Sylvana Tumbler Set 6 Pcs 200 ml - Clear,LE 280.00,LE 280.00,https://sheffieldegypt.com/products/pasabahce-sylvana-tumbler-set-6-pcs-200-ml-clear
Pasabahce -  Aquatic Highball Set 6 Pcs  320ml - Clear,LE 325.00,LE 325.00,https://sheffieldegypt.com/products/pasabahce-aquatic-highball-set-6-pcs-320ml-clear
Pasabahce - Amore Tumbler Glass Set 6 Pieces 320ml -  Gold,LE 830.00,LE 830.00,https://sheffieldegypt.com/products/pasabahce-amore-tumbler-glass-set-6-pieces-gold
Pasabahce - Amore Tumbler Glass Set 6 Pieces 320ml - Silver,LE 830.00,LE 830.00,https://sheffieldegypt.com/products/pasabahce-amore-tumbler-glass-set-6-pieces-silver
Pasabahce - Joy Goblet Glass Set - 490 ml- 4 Pcs,LE 925.00,LE 925.00,https://sheffieldegypt.com/products/pasabahce-joy-goblet-glass-set-490-ml-4-pcs
Pasabahce - Amore Highball Glass Set 6 Pieces 410ml - Silver,LE 830.00,LE 830.00,https://sheffieldegypt.com/products/pasabahce-amore-highball-glass-set-6-pieces-silver
Pasabahce - Amore Highball Glass Set 6 Pieces 410ml - Gold,LE 830.00,LE 830.00,https://sheffieldegypt.com/products/pasabahce-amore-highball-glass-set-6-pieces-gold
Pasabahce -Aquatic tumbler Sets GB 18 PCS - 370ml & 225ml & 220ml - Clear,LE 750.00,LE 750.00,https://sheffieldegypt.com/products/pasabahce-aquatic-tumbler-sets-gb-18-pcs
Pasabahce -Gaia Tumbler Set of 18 Pcs GB - 285ml & 270ml & 110ml - Clear,LE 640.00,LE 640.00,https://sheffieldegypt.com/products/pasabahce-gaia-tumbler-set-of-18-pcs-gb
Pasabahce -  Bolero Highball Set 6 Pcs 320 ml - Clear,LE 305.00,LE 305.00,https://sheffieldegypt.com/products/pasabahce-bolero-highball-set-6-pcs-320-ml-clear
Pasabahce - Elysia Highball Glass 435 ml- Grey,LE 630.00,LE 630.00,https://sheffieldegypt.com/products/pasabahce-elysia-highball-glass-435-ml-grey
Pasabahce - Timeless Highball Glass Set 4 Pcs - 300ml,LE 255.00,LE 255.00,https://sheffieldegypt.com/products/pasabahce-timeless-highball-glass-set-4-pcs
Pasabahce - Timeless Tumbler Glass Set 4 Pcs - 200ml,LE 220.00,LE 220.00,https://sheffieldegypt.com/products/pasabahce-timeless-tumbler-glass-set-4-pcs
Pasabahce Bolero Tumbler Set 6 Pcs 230 ml - Clear,LE 250.00,LE 250.00,https://sheffieldegypt.com/products/pasabahce-bolero-tumbler-set-6-pcs-230-ml-clear
Pasabahce - Joy Tumbler Glass Set - 280 ml - 4 Pcs,LE 525.00,LE 525.00,https://sheffieldegypt.com/products/pasabahce-joy-tumbler-glass-set-280-ml-4-pcs
Pasabahce - Joy Flute Glass Set - 175 ml - 4 Pcs,LE 605.00,LE 605.00,https://sheffieldegypt.com/products/pasabahce-joy-flute-glass-set-175-ml-4-pcs
Pasabahce - Joy Martini Glass Set 4 Pcs - 220ml,LE 845.00,LE 845.00,https://sheffieldegypt.com/products/pasabahce-joy-martini-glass-set-4-pcs-1
Pasabahce - Joy Tumbler Glass Set - 360 ml - 4 Pcs,LE 675.00,LE 675.00,https://sheffieldegypt.com/products/pasabahce-joy-tumbler-glass-set-360-ml-4-pcs
Pasabahce - Joy Highball Glass Set 4 Pcs - 365ml,LE 695.00,LE 695.00,https://sheffieldegypt.com/products/pasabahce-joy-highball-glass-set-4-pcs
Pasabahce - Diamond Liqueur Glass - 49ml - Clear,LE 275.00,LE 275.00,https://sheffieldegypt.com/products/pasabahce-diamond-liqueur-glass-49ml-clear
AMT Square Oven Tray - 28 cm,"LE 3,645.00","LE 3,645.00",https://sheffieldegypt.com/products/amt-square-oven-tray-28-cm
"AMT - Wok Diameter 26 cm, Height 11 cm, with Handles","LE 4,395.00","LE 4,395.00",https://sheffieldegypt.com/products/amt-wok-diameter-26-cm-height-11-cm-with-handles
AMT GASTROGUSS Wok with handle 28 x 11 cm - Black,"LE 4,695.00","LE 4,695.00",https://sheffieldegypt.com/products/amt-gastroguss-wok-with-handle-28-x-11-cm-black
"AMT Gastroguss - Saute Pan Diameter 24 cm Height 6 cm Removable Handle Cast Aluminum, Black","LE 3,095.00","LE 3,095.00",https://sheffieldegypt.com/products/amt-gastroguss-saute-pan-diameter-24-cm-height-6-cm-removable-handle-cast-aluminum-black
"AMT Squared Pot 20 cm x 20 cm with handles - 7 cm,  black with Glass Lid","LE 3,995.00","LE 3,995.00",https://sheffieldegypt.com/products/amt-squared-pot-20-cm-x-20-cm-with-handles-7-cm-black-with-glass-lid
Pasabahce - Joy Brand Glass Set 4 Pcs- 255ml,LE 655.00,LE 655.00,https://sheffieldegypt.com/products/pasabahce-joy-brand-glass-set-4-pcs
Pasabahce - Joy Martini Glass Set 4 Pcs - 245ml,LE 795.00,LE 795.00,https://sheffieldegypt.com/products/pasabahce-joy-martini-glass-set-4-pcs
EME - Firenze Cutlery Set 30 Pcs Stainless Steel 18/10,"LE 8,500.00","LE 8,500.00",https://sheffieldegypt.com/products/eme-firenze-cutlery-set-30-pcs-stainless-steel-18-10
EME - Venice Cutlery Set 30 Pcs Stainless Steel 18/10,"LE 9,995.00","LE 9,995.00",https://sheffieldegypt.com/products/eme-venice-cutlery-set-30-pcs-stainless-steel-18-10
EME - Luigi XVI Cutlery Set 30 Pcs Stainless Steel 18/10,"LE 8,950.00","LE 8,950.00",https://sheffieldegypt.com/products/eme-luigi-xvi-cutlery-set-30-pcs-stainless-steel-18-10
EME - Portofino Cutlery Set 30 Pcs S S 18/10 Sandblasted,"LE 7,795.00","LE 7,795.00",https://sheffieldegypt.com/products/eme-portofino-cutlery-set-30-pcs-s-s-18-10-sandblasted
EME - Cortina Cutlery Set 30 Pcs S S 18/10 Sandblasted,"LE 7,795.00","LE 7,795.00",https://sheffieldegypt.com/products/eme-cortina-cutlery-set-30-pcs-s-s-18-10-sandblasted
EME - Eleven Cutlery Set 30 Pcs Stainless Steel 18/10,"LE 7,295.00","LE 7,295.00",https://sheffieldegypt.com/products/eme-eleven-cutlery-set-30-pcs-stainless-steel-18-10
EME - Eleven Cutlery Set 90 Pcs Stainless Steel 18/10,"LE 24,595.00","LE 24,595.00",https://sheffieldegypt.com/products/eme-eleven-cutlery-set-90-pcs-stainless-steel-18-10
EME - Fashion Cutlery Set 90 Pcs Stainless Steel 18/10,"LE 23,995.00","LE 23,995.00",https://sheffieldegypt.com/products/eme-fashion-cutlery-set-90-pcs-stainless-steel-18-10
EME - Luigi XVI Cutlery Set 90 Pcs Stainless Steel 18/10,"LE 28,995.00","LE 28,995.00",https://sheffieldegypt.com/products/eme-luigi-xvi-cutlery-set-90-pcs-stainless-steel-18-10
EME - Fashion Cutlery Set 30 Pcs Stainless Steel 18/10,"LE 6,995.00","LE 6,995.00",https://sheffieldegypt.com/products/eme-fashion-cutlery-set-30-pcs-stainless-steel-18-10
EME - Celtika Cutlery Set 30 Pcs S S 18/10 Sandblasted,"LE 12,275.00","LE 12,275.00",https://sheffieldegypt.com/products/eme-celtika-cutlery-set-30-pcs-s-s-18-10-sandblasted
EME - Firenze Cutlery Set 90 Pcs S S 18/10 Sandblasted with Gold,"LE 61,500.00","LE 61,500.00",https://sheffieldegypt.com/products/eme-firenze-cutlery-set-90-pcs-s-s-18-10-sandblasted-with-gold
EME - Luigi XVI Cutlery Set 90 Pcs S S 18/10 Sandblasted with Gold,"LE 69,950.00","LE 69,950.00",https://sheffieldegypt.com/products/eme-luigi-xvi-cutlery-set-90-pcs-s-s-18-10-sandblasted-with-gold
EME - Firenze Cutlery Set 90 Pcs S S 18/10 with Gold,"LE 55,950.00","LE 55,950.00",https://sheffieldegypt.com/products/eme-firenze-cutlery-set-90-pcs-s-s-18-10-with-gold
EME - Luigi XVI Cutlery Set 90 Pcs S S 18/10 with Gold,"LE 62,950.00","LE 62,950.00",https://sheffieldegypt.com/products/eme-luigi-xvi-cutlery-set-90-pcs-s-s-18-10-with-gold
Borcam - 5 PCs1 Oven Dish and 2 Casseroles Set,LE 850.00,LE 850.00,https://sheffieldegypt.com/products/borcam-5-pcs1-oven-dish-and-2-casseroles-set
EME - Venice Cutlery Set 90 Pcs Stainless Steel 18/10,"LE 33,950.00","LE 33,950.00",https://sheffieldegypt.com/products/eme-venice-cutlery-set-90-pcs-stainless-steel-18-10
EME - Celtika Cutlery Set 90 Pcs S S 18/10,"LE 38,950.00","LE 38,950.00",https://sheffieldegypt.com/products/eme-celtika-cutlery-set-90-pcs-s-s-18-10
EME - Firenze Cutlery Set 90 Pcs Stainless Steel 18/10,"LE 26,995.00","LE 26,995.00",https://sheffieldegypt.com/products/eme-firenze-cutlery-set-90-pcs-stainless-steel-18-10
EME - Eleven Tea Spoon 6 Pcs Stainless Steel 18/10,"LE 1,095.00","LE 1,095.00",https://sheffieldegypt.com/products/eme-eleven-coffee-spoon-6-pcs-stainless-steel-18-11
EME - Eleven Cake Fork 6 Pcs Stainless Steel 18/10,"LE 1,095.00","LE 1,095.00",https://sheffieldegypt.com/products/eme-eleven-cake-fork-6-pcs-stainless-steel-18-10
EME - Eleven Cake Set 7 Pcs Stainless Steel 18/10,"LE 1,850.00","LE 1,850.00",https://sheffieldegypt.com/products/eme-eleven-cake-set-7-pcs-stainless-steel-18-10
EME - Eleven Coffee Spoon 6 Pcs Stainless Steel 18/10,LE 950.00,LE 950.00,https://sheffieldegypt.com/products/eme-eleven-coffee-spoon-6-pcs-stainless-steel-18-10
EME - Eleven Cake Server 1 Pc Stainless Steel 18/10,LE 950.00,LE 950.00,https://sheffieldegypt.com/products/eme-eleven-cake-server-1-pc-stainless-steel-18-10
EME - Eleven Salad Serving Set 2 Pcs Stainless Steel 18/10,"LE 1,550.00","LE 1,550.00",https://sheffieldegypt.com/products/eme-eleven-salad-serving-set-2-pcs-stainless-steel-18-10
Senzo - Dinner Set 61 Pieces - Silver - Porcelain,"LE 13,950.00","LE 13,950.00",https://sheffieldegypt.com/products/senzo-dinner-set-61-pcs-silver-rim
Senzo -  Ivory Dinner Set 61 Pieces - Gold - Porcelain,"LE 13,950.00","LE 13,950.00",https://sheffieldegypt.com/products/senzo-ivory-dinner-set-61-pcs-gold-rim
Bohemia Crystal - Drink Set 7 Pcs - Silver - 750 ml & 240 ml - Crystal,"LE 6,300.00","LE 6,300.00",https://sheffieldegypt.com/products/bohemia-crystal-drink-set-7-pcs-silver-1
Bohemia Crystal - Highball & Tumbler Glass Set 12 Pcs - Silver - 300ml & 280ml - Crystal,"LE 1,135.00","LE 1,135.00",https://sheffieldegypt.com/products/bohemia-crystal-highball-tumbler-glass-set-12-pcs-silver
Bohemia Crystal - Tumbler Drink Set 7 Pcs Gold & Silver - 650ml & 230ml - Crystal,"LE 5,355.00","LE 5,355.00",https://sheffieldegypt.com/products/bohemia-crystal-tumbler-drink-set-7-pcs-gold-platin
Bohemia Crystal - Flute Glass Set 6 Pcs - Silver - 150ml - Crystal,"LE 1,285.00","LE 1,285.00",https://sheffieldegypt.com/products/bohemia-crystal-flute-glass-set-6-pcs-silver
Bohemia Crystal - Goblet Glass Set 6 Pcs - Silver - 185ml - Crystal,"LE 1,285.00","LE 1,285.00",https://sheffieldegypt.com/products/bohemia-crystal-goblet-glass-set-6-pcs-silver
Bohemia Crystal - Goblet Glass Set 6 Pcs - Gold - 185ml - Crystal,"LE 1,285.00","LE 1,285.00",https://sheffieldegypt.com/products/bohemia-crystal-goblet-glass-set-6-pcs-gold
Falkenporzellan - Nastia Dinner Set 112 Pieces - Gold - Porcelain,"LE 135,500.00","LE 135,500.00",https://sheffieldegypt.com/products/falkenporzellan-nastia-dinner-set-112-pieces-gold-porcelain
Kutahya - Daily-use Dinner Set 24 Pieces - Porcelain - Pink,"LE 4,455.00","LE 4,455.00",https://sheffieldegypt.com/products/kutahya-daily-use-dinner-set-24-pieces-porcelain-pink
Kutahya - Daily-use Dinner Set 24 Pieces - Porcelain - Grey with Brown rim,"LE 4,950.00","LE 4,950.00",https://sheffieldegypt.com/products/kutahya-daily-use-dinner-set-24-pieces-porcelain-grey-with-brown-rim
Kutahya - Daily-use Dinner Set 24 Pieces - Porcelain - Grey,"LE 4,950.00","LE 4,950.00",https://sheffieldegypt.com/products/kutahya-daily-use-dinner-set-24-pieces-porcelain-grey
Falkenporzellan - Diamond Dinner Set 59 Pieces - White & Gold - Porcelain,"LE 79,960.00","LE 79,960.00",https://sheffieldegypt.com/products/falkenporzellan-diamond-dinner-set-59-pieces-white-gold-porcelain
Noritake - Daily Use Dinner Set 40 Pieces - Light Green - Porcelain,"LE 11,495.00","LE 11,495.00",https://sheffieldegypt.com/products/noritake-daily-use-dinner-set-40-pieces-light-green-porcelain
Noritake - Daily Use Dinner Set 40 Pieces - Light Green & Gold - Porcelain,"LE 14,995.00","LE 14,995.00",https://sheffieldegypt.com/products/noritake-daily-use-dinner-set-40-pieces-light-green-gold-porcelain
Noritake - Daily Use Dinner Set 40 Pieces - Dark Green & Gold - Porcelain,"LE 14,995.00","LE 14,995.00",https://sheffieldegypt.com/products/noritake-daily-use-dinner-set-40-pieces-dark-green-gold-porcelain
Herdmar - Betty Cutlery Set 75 Pieces - Silver Matt Handle - Stainless Steel 18/10,"LE 13,995.00","LE 13,995.00",https://sheffieldegypt.com/products/herdmar-betty-cutlery-set-75-pieces-silver-matt-handle-stainless-steel-18-10
Herdmar - Vintage Cutlery Set 75 Pieces - Silver Matt Handle - Stainless Steel 18/10,"LE 12,995.00","LE 12,995.00",https://sheffieldegypt.com/products/herdmar-vintage-cutlery-set-75-pieces-silver-matt-handle-stainless-steel-18-10
Bello Inox - Capri Titanium Cutlery Set 75 Pieces - Gold Matt - Stainless Steel 18/10,"LE 19,995.00","LE 19,995.00",https://sheffieldegypt.com/products/bello-inox-capri-titanium-cutlery-set-75-pieces-gold-matt-stainless-steel-18-10
Bello Inox - Capri Satin Cutlery Set 75 Pieces - Silver Matt Handle - Stainless Steel 18/10,"LE 12,995.00","LE 12,995.00",https://sheffieldegypt.com/products/bello-inox-capri-satin-cutlery-set-75-pieces-silver-matt-handle-stainless-steel-18-10
Herdmar - Betty Serving Set 6 Pieces - Champagne Matt - Stainless Steel 18/10,"LE 2,995.00","LE 2,995.00",https://sheffieldegypt.com/products/herdmar-betty-serving-set-6-pieces-champagne-matt-stainless-steel-18-10
Herdmar - Guell Serving Set 6 Pieces - Champagne - Stainless Steel 18/10,"LE 2,995.00","LE 2,995.00",https://sheffieldegypt.com/products/herdmar-guell-serving-set-6-pieces-champagne-stainless-steel-18-10
Herdmar - Guell Serving Set 6 Pieces - Champagne Matt - Stainless Steel 18/10,"LE 2,995.00","LE 2,995.00",https://sheffieldegypt.com/products/herdmar-guell-serving-set-6-pieces-champagne-matt-stainless-steel-18-10
Herdmar - Guell Serving Set 6 Pieces - Gold & Silver - Stainless Steel 18/10,"LE 2,995.00","LE 2,995.00",https://sheffieldegypt.com/products/herdmar-guell-serving-set-6-pieces-gold-silver-stainless-steel-18-10
Herdmar - Guell Serving Set 6 Pieces - Silver Matt Handle - Stainless Steel 18/10,"LE 1,995.00","LE 1,995.00",https://sheffieldegypt.com/products/herdmar-guell-serving-set-6-pieces-silver-matt-handle-stainless-steel-18-10
Herdmar - Guell Cutlery Set 75 Pieces - Champagne Matt Handle - Stainless Steel 18/10,"LE 22,995.00","LE 22,995.00",https://sheffieldegypt.com/products/herdmar-guell-cutlery-set-75-pieces-champagne-matt-handle-stainless-steel-18-10
Herdmar - Guell Cutlery Set 75 Pieces - Gold & Silver - Stainless Steel 18/10,"LE 26,995.00","LE 26,995.00",https://sheffieldegypt.com/products/herdmar-guell-cutlery-set-75-pieces-gold-silver-stainless-steel-18-10
Herdmar - Betty Cutlery Set 75 Pieces - Champagne - Stainless Steel 18/10,"LE 22,995.00","LE 22,995.00",https://sheffieldegypt.com/products/herdmar-cutlery-set-75-pieces-champagne-stainless-steel-18-10
Herdmar - Guell Cutlery Set 75 Pieces - Silver Matt Handle - Stainless Steel 18/10,"LE 16,995.00","LE 16,995.00",https://sheffieldegypt.com/products/herdmar-cutlery-set-75-pieces-silver-matt-handle-stainless-steel-18-10
Herdmar - Guell Cutlery Set 75 Pieces - Champagne Matt - Stainless Steel 18/10,"LE 17,995.00","LE 17,995.00",https://sheffieldegypt.com/products/herdmar-cutlery-set-75-pieces-champagne-matt-stainless-steel-18-10
ArdaCam - Hiro Round Footed Serving Platter - Pastel Orange - 33cm - Glass,LE 750.00,LE 750.00,https://sheffieldegypt.com/products/ardacam-hiro-round-footed-serving-platter-pastel-orange-33cm-glass
ArdaCam - Hiro Round Footed Serving Platter - Pastel Green - 33cm - Glass,LE 750.00,LE 750.00,https://sheffieldegypt.com/products/ardacam-hiro-round-footed-serving-platter-pastel-green-33cm-glass
ArdaCam - Hiro Round Footed Serving Platter - Pastel Blue - 33cm - Glass,LE 750.00,LE 750.00,https://sheffieldegypt.com/products/ardacam-hiro-round-footed-serving-platter-pastel-blue-33cm-glass
ArdaCam - Rodin Bowl Set 7 Pieces - Smoke Grey - Glass,LE 650.00,LE 650.00,https://sheffieldegypt.com/products/ardacam-rodin-bowl-set-7-pieces-smoke-grey-glass
ArdaCam - Sade Footed Oval Serving Platter - White & Gold - 21x11cm - Glass,LE 425.00,LE 425.00,https://sheffieldegypt.com/products/ardacam-sade-footed-oval-serving-platter-white-gold-21x11cm-glass
ArdaCam - Hiro Round Footed Serving Platter - Pastel Blue - 28cm - Glass,LE 595.00,LE 595.00,https://sheffieldegypt.com/products/ardacam-hiro-round-footed-serving-platter-pastel-blue-28cm-glass
ArdaCam - Hiro Round Footed Serving Platter - Pastel Orange - 28cm - Glass,LE 595.00,LE 595.00,https://sheffieldegypt.com/products/ardacam-hiro-round-footed-serving-platter-pastel-orange-28cm-glass
ArdaCam - Hiro Round Footed Serving Platter - Pastel Green - 28cm - Glass,LE 595.00,LE 595.00,https://sheffieldegypt.com/products/ardacam-hiro-round-footed-serving-platter-pastel-green-28cm-glass
ArdaCam - Angel Round Serving Tray & Bowls 5 Pieces - Gold - Glass,"LE 1,395.00","LE 1,395.00",https://sheffieldegypt.com/products/ardacam-angel-round-serving-tray-bowls-5-pieces-gold-glass
ArdaCam - Divided Oval Platter - Clear - 52.5x22.5cm - Glass,"LE 1,495.00","LE 1,495.00",https://sheffieldegypt.com/products/ardacam-divided-oval-platter-clear-52-5x22-5cm-glass
Bohemia Crystal - Drink Set 7 Pieces - Silver - Crystal,"LE 3,225.00","LE 3,225.00",https://sheffieldegypt.com/products/bohemia-crystal-drink-set-7-pcs-silver-302102706878
Bohemia Crystal - Drink Set 7 Pieces - Gold,"LE 3,225.00","LE 3,225.00",https://sheffieldegypt.com/products/bohemia-crystal-drink-set-7-pcs-gold-302102706885
Bohemia Crystal - Drink Set 7  Pieces -  Gold - Crystal,"LE 3,225.00","LE 3,225.00",https://sheffieldegypt.com/products/bohemia-crystal-drink-set-7-pcs-gold-302102706881
Bohemia Crystal - Drink Set 7 Pieces - Silver - Crystal,"LE 3,225.00","LE 3,225.00",https://sheffieldegypt.com/products/bohemia-crystal-drink-set-7-pcs-silver-302102706880
ArdaCam - Solar Footed Serving Platter - 31cm - Glass,LE 825.00,LE 825.00,https://sheffieldegypt.com/products/ardacam-solar-footed-serving-platter-31-cm
ArdaCam - Round Serving Dome - 28.5x11.5cm - Glass,"LE 1,200.00","LE 1,200.00",https://sheffieldegypt.com/products/ardacam-serving-dome-28-5-11-5-cm
ArdaCam - Leona Round Footed Serving Platter - White - 28cm - Glass,LE 995.00,LE 995.00,https://sheffieldegypt.com/products/ardacam-leona-footed-serving-platter-white-28-cm
Bohemia Crystal - Drink Set 7 Pieces - Gold - Crystal,"LE 3,225.00","LE 3,225.00",https://sheffieldegypt.com/products/bohemia-crystal-drink-set-7-pcs-gold
Bohemia Crystal - Drink Set 7 Pieces - 240ml - Silver - Crystal,"LE 3,225.00","LE 3,225.00",https://sheffieldegypt.com/products/bohemia-crystal-drink-set-7-pcs-silver
Bohemia Crystal - Diamond Tumbler Set 6 Pieces - Purple & Yellow - 230ml - Crystal,"LE 1,755.00","LE 1,755.00",https://sheffieldegypt.com/products/bohemia-crystal-diamond-tumbler-set-purple-yellow-6-pieces
Bohemia Crystal - Goblet Glass Set 6 Pieces - Gold - Crystal,"LE 1,835.00","LE 1,835.00",https://sheffieldegypt.com/products/bohemia-crystal-goblet-glass-set-6-pieces-gold
Bohemia Crystal - Flute Glass Set 6 Pieces - Gold - 150ml - Crystal,"LE 1,835.00","LE 1,835.00",https://sheffieldegypt.com/products/bohemia-crystal-flute-glass-set-6-pieces-gold
Pasabahce - Highball & Tumbler Set 12 Pieces - Silver - 340&250ml,"LE 3,400.00","LE 3,400.00",https://sheffieldegypt.com/products/pashbache-highball-tumbler-set-12-pcs-silver
Pasabahce - Highball & Tumbler Set 12 Pieces - Gold - 340&250ml,"LE 3,400.00","LE 3,400.00",https://sheffieldegypt.com/products/pashbache-highball-tumbler-set-12-pcs-gold
Bohemia Crystal - Flute Glass Set 6 Pieces - Gold - Crystal,"LE 1,285.00","LE 1,285.00",https://sheffieldegypt.com/products/bohemia-crystal-flute-glass-set-6-pcs-gold
Bohemia Crystal - Diamond Flute Glass Set 6 Pieces - Silver & Gold - 120ml - Crysta;,"LE 2,475.00","LE 2,475.00",https://sheffieldegypt.com/products/bohemia-crystal-diamond-flute-set-6-pcs-gold-platin
Bohemia Crystal - Goblet Set 6 Pieces - 240ml - Silver - Crystal,"LE 1,440.00","LE 1,440.00",https://sheffieldegypt.com/products/bohemia-crystal-goblet-set-6-pieces-240ml-silver-rim-300210080162
Bohemia Crystal - Goblet Set 6 Pieces - 240ml - Silver - Crystal,"LE 1,440.00","LE 1,440.00",https://sheffieldegypt.com/products/bohemia-crystal-goblet-set-6-pieces-240ml-silver-rim-300210080166
Bohemia Crystal - Goblet Set 6 Pieces - 240ml - Gold - Crystal,"LE 1,440.00","LE 1,440.00",https://sheffieldegypt.com/products/bohemia-crystal-goblet-set-6-pieces-240ml-gold-rim-300210080167
Bohemia Crystal - Goblet Set 6 Pieces - 240ml - Gold - Crystal,"LE 1,440.00","LE 1,440.00",https://sheffieldegypt.com/products/bohemia-crystal-goblet-set-6-pieces-240ml-gold-rim-300210080163
Bohemia Crystal - Crystal Footed Box With Base - 25cm - Clear,"LE 3,550.00","LE 3,550.00",https://sheffieldegypt.com/products/bohemia-crystal-footed-crystal-box-25-cm-clear
Bohemia Crystal - Crystal Footed Vase - 38cm - Clear,"LE 3,795.00","LE 3,795.00",https://sheffieldegypt.com/products/bohemia-crystal-crystal-enigma-footed-vase-38-cm-clear
Bohemia Crystal - Wavy Crystal Vase - 30.5cm - Clear,"LE 2,250.00","LE 2,250.00",https://sheffieldegypt.com/products/bohemia-crystal-crystal-enigma-vase-30-5cm-clear
Bohemia Crystal - Goblet Set 6 Pieces - 240ml - Clear,LE 880.00,LE 880.00,https://sheffieldegypt.com/products/bohemia-crystal-goblet-set-6-pcs-clear
Falkenporzellan - Dinner Set 59 Pieces - Black Dotted & Gold - Porcelain,"LE 133,950.00","LE 133,950.00",https://sheffieldegypt.com/products/falkenporzellan-dinner-set-59-pieces-black-dotted-gold-porcelain-200240020216
Falkenporzellan - Corallo Dinner Set 59 Pieces - Blue & Gold - Porcelain,"LE 110,950.00","LE 110,950.00",https://sheffieldegypt.com/products/falkenporzellan-dinner-set-59-pieces-corallo-blue-gold-porcelain-200240020215
Falkenporzellan - Dinner Set 59 Pieces - Stripes Black & Gold - Porcelain,"LE 110,950.00","LE 110,950.00",https://sheffieldegypt.com/products/falkenporzellan-dinner-set-59-pieces-stripes-black-gold-porcelain-200240020214
Falkenporzellan - Dinner Set 59 Pieces - Black Gold - Porcelain,"LE 105,800.00","LE 105,800.00",https://sheffieldegypt.com/products/falkenporzellan-dinner-set-59-pieces-black-gold-porcelain-200240020210
Falkenporzellan - Dinner Set 59 Pieces - Blue & Gold - Porcelain,"LE 105,800.00","LE 105,800.00",https://sheffieldegypt.com/products/falkenporzellan-dinner-set-59-pieces-light-blue-gold-porcelain-200240020206
Falkenporzellan - Dinner Set 59 Pieces - Platin - Porcelain,"LE 91,945.00","LE 91,945.00",https://sheffieldegypt.com/products/falkenporzellan-dinner-set-59-pieces-platin-porcelain-200240020201
Falkenporzellan - Dinner Set 59 Pieces - Gold - Porcelain,"LE 91,945.00","LE 91,945.00",https://sheffieldegypt.com/products/falkenporzellan-dinner-set-59-pieces-gold-porcelain-200240020200
Falkenporzellan - Dinner Set 59 Pieces - Light Blue & Gold - Porcelain,"LE 91,945.00","LE 91,945.00",https://sheffieldegypt.com/products/falkenporzellan-dinner-set-59-pieces-light-blue-gold-porcelain-200240020199
Falkenporzellan - Dinner Set 59 Pieces - Cream & Gold - Porcelain,"LE 91,945.00","LE 91,945.00",https://sheffieldegypt.com/products/falkenporzellan-dinner-set-59-pieces-cream-gold-porcelain-200240020198
Alma - Oval Pot with Handle - 27cm - Cast Iron - Black,"LE 2,750.00","LE 2,750.00",https://sheffieldegypt.com/products/alma-oval-dutch-oven-19cm-cast-iron-black
Alma - Round Pot with Handle - 19cm - Cast Iron - Black,"LE 1,900.00","LE 1,900.00",https://sheffieldegypt.com/products/alma-round-dutch-oven-19cm-cast-iron-black
Falkenporzellan - Dinner Set 59 Pieces - Cream & Gold - Porcelain,"LE 105,800.00","LE 105,800.00",https://sheffieldegypt.com/products/falkenporzellan-dinner-set-59-pieces-cream-gold-porcelain
Falkenporzellan - Dinner Set 59 Pieces - Blue & Gold - Porcelain,"LE 133,950.00","LE 133,950.00",https://sheffieldegypt.com/products/falkenporzellan-dinner-set-59-pieces-light-blue-dotted-with-gold-porcelain
Falkenporzellan - Dinner Set 59 Pieces - Gold - Porcelain,"LE 107,160.00","LE 107,160.00",https://sheffieldegypt.com/products/falkenporzellan-dinner-set-59-pieces-gold-dotted-porcelain
Falkenporzellan - Dinner Set 59 Pieces Stripes - Silver - Porcelain,"LE 86,950.00","LE 86,950.00",https://sheffieldegypt.com/products/falkenporzellan-dinner-set-59-pieces-silver-stripes-porcelain
Falkenporzellan - Dinner Set 59 Pieces Stripes - Gold - Porcelain,"LE 86,950.00","LE 86,950.00",https://sheffieldegypt.com/products/falkenporzellan-dinner-set-59-pieces-gold-stripes-porcelain
Falkenporzellan - Dinner Set 59 Pieces - Silver - Porcelain,"LE 113,250.00","LE 113,250.00",https://sheffieldegypt.com/products/falkenporzellan-dinner-set-59-pieces-platin-porcelain
Falkenporzellan - Dinner Set 59 Pieces - Gold & Silver - Porcelain,"LE 102,950.00","LE 102,950.00",https://sheffieldegypt.com/products/falkenporzellan-dinner-set-59-pieces-gold-platin-porcelain
Senzo - Dinner Set 61 Pieces - Silver - Porcelain,"LE 13,950.00","LE 13,950.00",https://sheffieldegypt.com/products/senzo-queen-dinner-set-61-pieces-silver-with-rim
Senzo - Hammered Daily Use Dinner Set 24 Pieces - Silver Rim - Porcelain,"LE 3,960.00","LE 3,960.00",https://sheffieldegypt.com/products/senzo-hammered-daily-use-dinner-set-24-pieces-silver-rim
Ardacam - Daily Use Dinner Set 25 Pieces - Smoke Grey - Glass,"LE 3,250.00","LE 3,250.00",https://sheffieldegypt.com/products/ardacam-daily-use-dinner-set-25-pieces-gray
Ardacam - Daily Use Dinner Set 25 Pieces - Amber - Glass,"LE 3,250.00","LE 3,250.00",https://sheffieldegypt.com/products/ardacam-daily-use-dinner-set-25-pieces-honey
Ardacam - Daily Use Dinner Set 25 Pieces - Light Brown - Glass,"LE 3,250.00","LE 3,250.00",https://sheffieldegypt.com/products/ardacam-daily-use-dinner-set-25-pieces-brwon
Alma - Rectangular Half & Half Grill with 2 Handles - 31×25cm - Cast Iron - Black,"LE 1,250.00","LE 1,250.00",https://sheffieldegypt.com/products/alma-rectangular-grill-with-2-handles-29cm-cast-iron-black
Alma - Double-Sided Round Grill with Handles - 29cm - Cast Iron - Black,"LE 1,650.00","LE 1,650.00",https://sheffieldegypt.com/products/alma-double-sided-round-grill-29cm-cast-iron-black
Alma - Dual Handle Grill Pan - 27cm - Cast Iron - Black,"LE 1,150.00","LE 1,150.00",https://sheffieldegypt.com/products/alma-dual-handle-grill-pan-27-2cm-cast-iron-black
Alma - Round Skillet with Handles - 25cm - Cast Iron - Black,"LE 1,400.00","LE 1,400.00",https://sheffieldegypt.com/products/alma-round-skillet-with-handles-25cm-cast-iron-black
Alma - Round Skillet with Handles - 20cm - Cast Iron - Black,"LE 1,000.00","LE 1,000.00",https://sheffieldegypt.com/products/alma-round-skillet-with-handles-20cm-cast-iron-black
Alma - Round Skillet with Handles - 30cm - Cast Iron - Black,"LE 1,600.00","LE 1,600.00",https://sheffieldegypt.com/products/alma-round-skillet-with-handles-30cm-cast-iron-black
Alma - Grill Skillet with Handle  - 28cm - Cast Iron - Black,"LE 1,500.00","LE 1,500.00",https://sheffieldegypt.com/products/alma-grill-skillet-with-handle-28cm-cast-iron-black
Ardacam -Circle Round Footed Platter - Clear - 33cm - Glass,LE 975.00,LE 975.00,https://sheffieldegypt.com/products/ardacam-round-striped-glass-serving-plate-with-base-clear-33cm
Ardacam - Circle Round Footed Platter - Clear - 28cm - Glass,LE 725.00,LE 725.00,https://sheffieldegypt.com/products/ardacam-round-striped-glass-serving-plate-with-base-clear-28cm
Ardacam - Circle Round Footed Platter - Clear - 21cm - Glass,LE 450.00,LE 450.00,https://sheffieldegypt.com/products/ardacam-round-striped-glass-serving-plate-with-base-clear-21cm
Ardacam - Circle 2-Tier Serving Platter - Clear - 24cm - Glass,"LE 1,295.00","LE 1,295.00",https://sheffieldegypt.com/products/ardacam-2-tier-glass-serving-plate-clear-24cm
ArdaCam - Atlas Glass Tumbler Glass - White - 300ml,LE 485.00,LE 485.00,https://sheffieldegypt.com/products/ardacam-tumbler-glass-set-2-pieces-300ml-white
ArdaCam - Atlas Glass Tumbler - 300ml - Blue,LE 295.00,LE 295.00,https://sheffieldegypt.com/products/ardacam-tumbler-glass-set-2-pieces-300ml-blue
ArdaCam - Atlas Glass Tumbler - 300ml - Black,LE 295.00,LE 295.00,https://sheffieldegypt.com/products/ardacam-tumbler-glass-set-2-pieces-300ml-black
Ardacam - Atlas Oval Serving Plate - Black - 27.5x14.5cm - Glass,LE 530.00,LE 530.00,https://sheffieldegypt.com/products/ardacam-oval-glass-serving-plate-black-27-5-x-14-5cm
Ardacam - Asos Round Footed Serving Plate - White - 21cm - Glass,LE 995.00,LE 995.00,https://sheffieldegypt.com/products/ardacam-round-striped-glass-serving-plate-with-base-white-21cm
Square Shaped Dinner Set 62 Pieces - Gold - Porcelain,"LE 9,950.00","LE 9,950.00",https://sheffieldegypt.com/products/square-shaped-dinner-set-62-pieces-gold-porcelain-1
Square Shaped Dinner Set 62 Pieces - Silver - Porcelain,"LE 9,950.00","LE 9,950.00",https://sheffieldegypt.com/products/square-shaped-dinner-set-62-pieces-silver-porcelain
Ardacam - Striped Glass serving Plate - Clear - 20.5cm,LE 470.00,LE 470.00,https://sheffieldegypt.com/products/%D8%A3%D8%B1%D8%AF%D8%A7%D9%83%D8%A7%D9%85-%D8%A8%D9%88%D9%84%D8%A9-2-%D9%82%D8%B7%D8%B9%D8%A9-%D8%B2%D8%AC%D8%A7%D8%AC-20-5-%D8%B3%D9%85
Ardacam - Aria Glass Bowl Set 2 Pieces - Clear - 15.2cm,LE 435.00,LE 435.00,https://sheffieldegypt.com/products/%D8%A3%D8%B1%D8%AF%D8%A7%D9%83%D8%A7%D9%85-%D8%A8%D9%88%D9%84%D8%A9-2-%D9%82%D8%B7%D8%B9%D8%A9-%D8%B2%D8%AC%D8%A7%D8%AC-15-2-%D8%B3%D9%85
Ardacam  - Aquarium Fish Large Glass Serving Plate - Blue & White- 43.5x20.5cm,"LE 1,150.00","LE 1,150.00",https://sheffieldegypt.com/products/%D8%A3%D8%B1%D8%AF%D8%A7%D9%83%D8%A7%D9%85-%D8%B7%D8%A8%D9%82-%D8%AA%D9%82%D8%AF%D9%8A%D9%85-%D8%B2%D8%AC%D8%A7%D8%AC-%D8%B9%D9%84%D9%8A-%D8%B4%D9%83%D9%84-%D8%AD%D9%88%D8%B6-%D8%A7%D9%84%D8%B3%D9%85%D9%83-%D8%A3%D8%B2%D8%B1%D9%82-%D8%A3%D8%A8%D9%8A%D8%B6-43-5-20-5-%D8%B3%D9%85
Ardacam - Aquarium Fish Large Glass Serving Plate - Clear - 43.5x20.5cm,"LE 1,150.00","LE 1,150.00",https://sheffieldegypt.com/products/%D8%A3%D8%B1%D8%AF%D8%A7%D9%83%D8%A7%D9%85-%D8%B7%D8%A8%D9%82-%D8%AA%D9%82%D8%AF%D9%8A%D9%85-%D8%B2%D8%AC%D8%A7%D8%AC-%D8%B9%D9%84%D9%8A-%D8%B4%D9%83%D9%84-%D8%AD%D9%88%D8%B6-%D8%A7%D9%84%D8%B3%D9%85%D9%83-43-5-20-5-%D8%B3%D9%85
Ardacam - Aquarium Fish Small Glass Serving Plate - Blue & White - 16x11.5cm,LE 225.00,LE 225.00,https://sheffieldegypt.com/products/%D8%A3%D8%B1%D8%AF%D8%A7%D9%83%D8%A7%D9%85-%D8%B7%D8%A8%D9%82-%D8%AA%D9%82%D8%AF%D9%8A%D9%85-%D8%B2%D8%AC%D8%A7%D8%AC-%D8%B9%D9%84%D9%8A-%D8%B4%D9%83%D9%84-%D8%AD%D9%88%D8%B6-%D8%A7%D9%84%D8%B3%D9%85%D9%83-%D8%A3%D8%B2%D8%B1%D9%82-%D8%A3%D8%A8%D9%8A%D8%B6-16-11-5-%D8%B3%D9%85
Ardacam  - Aquarium Fish Small Glass Serving Plate - Clear - 16x11.5cm,LE 175.00,LE 175.00,https://sheffieldegypt.com/products/%D8%A3%D8%B1%D8%AF%D8%A7%D9%83%D8%A7%D9%85-%D8%B7%D8%A8%D9%82-%D8%AA%D9%82%D8%AF%D9%8A%D9%85-%D8%B2%D8%AC%D8%A7%D8%AC-%D8%B9%D9%84%D9%8A-%D8%B4%D9%83%D9%84-%D8%AD%D9%88%D8%B6-%D8%A7%D9%84%D8%B3%D9%85%D9%83-16-11-5-%D8%B3%D9%85
Alma - Round Skillet with Handles - 15cm - Cast Iron,LE 600.00,LE 600.00,https://sheffieldegypt.com/products/alma-round-skillet-with-handles-15cm-cast-iron
Pasabahce - Crystallin Peony Candle Holder - 7.1cm,LE 350.00,LE 350.00,https://sheffieldegypt.com/products/pasabahce-crystallin-peony-candle-holder-7-1-cm
Pasabahce - Crystallin Peony Vase - 26cm,LE 895.00,LE 895.00,https://sheffieldegypt.com/products/pasabahce-crystallin-peony-vase-26cm
Pasabahce - Crystallin Serving Platter with Base - 30cm,"LE 1,050.00","LE 1,050.00",https://sheffieldegypt.com/products/pasabahce-crystallin-torte-footed-serving-platter-30cm
Pasabahce - Crystallin Penguin Pitcher - 1 L,LE 550.00,LE 550.00,https://sheffieldegypt.com/products/pasabahce-crystallin-penguin-pitcher-1-l
Pasabahce - Crystallin Olden Decanter - 1.5 L,LE 895.00,LE 895.00,https://sheffieldegypt.com/products/pasabahce-crystallin-olden-decanter-1-5-l
Nude - Conic Pitcher - 350ml,LE 725.00,LE 725.00,https://sheffieldegypt.com/products/nude-conic-pitcher-350ml
Nude Glass Conic Pitcher - 750ml,LE 850.00,LE 850.00,https://sheffieldegypt.com/products/nude-conic-pitcher-750ml
Nude - Ice Glass Oval Bucket - 5L,"LE 1,750.00","LE 1,750.00",https://sheffieldegypt.com/products/nude-ice-bath-champagne-cooler-5l
Falkenporzellan - Dinner Set 59 Pieces - Offwhite & Gold - Porcelain,"LE 92,850.00","LE 92,850.00",https://sheffieldegypt.com/products/falkenporzellan-dinner-set-59-pieces-offwhite-gold-porcelain
Falkenporzellan - Dinner Set 59 Pieces - Silver - Porcelain,"LE 92,850.00","LE 92,850.00",https://sheffieldegypt.com/products/falkenporzellan-dinner-set-59-pieces-silver-porcelain-1
Falkenporzellan - Dinner Set 59 Pieces - White & Silver - Porcelain,"LE 112,750.00","LE 112,750.00",https://sheffieldegypt.com/products/falkenporzellan-dinner-set-59-pieces-white-silver-porcelain
Falkenporzellan - Dinner Set 59 Pieces - Gold - Porcelain,"LE 104,450.00","LE 104,450.00",https://sheffieldegypt.com/products/falkenporzellan-dinner-set-59-pieces-gold-porcelain
Falkenporzellan - Dinner Set 59 Pieces - Silver - Porcelain,"LE 109,500.00","LE 109,500.00",https://sheffieldegypt.com/products/falkenporzellan-dinner-set-59-pieces-silver-porcelain
Falkenporzellan - Dinner Set 59 Pieces - Beige & Gold - Porcelain,"LE 146,750.00","LE 146,750.00",https://sheffieldegypt.com/products/falkenporzellan-dinner-set-59-pieces-beige-gold-porcelain
Falkenporzellan - Dinner Set 59 Pieces - Bone China - Flowers & Gold,"LE 114,750.00","LE 114,750.00",https://sheffieldegypt.com/products/falkenporzellan-dinner-set-59-pieces-bone-china-flowers-gold
Bohemia Crystal - Goblet Glass Set 6 Pieces - Gold - 220ml - Crystal,"LE 2,150.00","LE 2,150.00",https://sheffieldegypt.com/products/bohemia-crystal-goblet-glass-set-6-pieces-gold-220ml-3900010131
Risoli - Deep Fry Pan with Detachable Handle - 24cm - Black,"LE 3,595.00","LE 3,595.00",https://sheffieldegypt.com/products/risoli-fry-pan-with-disposable-handle-24cm-black-4410300007
Risoli - Fry Pan with Detachable Handle - 32cm - Black,"LE 4,180.00","LE 4,180.00",https://sheffieldegypt.com/products/risoli-fry-pan-with-disposable-handle-32cm-black-4410300006
Risoli - Fry Pan with Detachable Handle - 28cm - Black,"LE 3,650.00","LE 3,650.00",https://sheffieldegypt.com/products/risoli-fry-pan-with-disposable-handle-28cm-black-4410300005
Risoli - Black Plus Deep Pot - 20cm - Black,"LE 4,495.00","LE 4,495.00",https://sheffieldegypt.com/products/risoli-black-plus-deep-casserole-20cm-black-4410300004
Risoli - Black Plus Pot with Glass Lid - 32cm - Black - Die Cast Aluminum,"LE 5,650.00","LE 5,650.00",https://sheffieldegypt.com/products/risoli-black-plus-casserole-with-glass-lid-32cm-black-4410300001
Bohemia Crystal - Wavy Oval Crystal Box - 22cm,"LE 2,730.00","LE 2,730.00",https://sheffieldegypt.com/products/bohemia-crystal-oval-wavy-box-22cm-2700010026
Bohemia Crystal - Oval Crystal Box - 18cm,"LE 1,530.00","LE 1,530.00",https://sheffieldegypt.com/products/bohemia-crystal-oval-box-with-cover-crystal-18cm-270006858
Bohemia Crystal - Tumbler Glass Set 6 Pieces - 320ml,"LE 6,750.00","LE 6,750.00",https://sheffieldegypt.com/products/bohemia-crystal-tumbler-glass-set-6-pieces-320ml-270008034
Bohemia Crystal - Tumbler Glass Set 6 Pieces - 320ml,"LE 6,750.00","LE 6,750.00",https://sheffieldegypt.com/products/bohemia-crystal-tumbler-glass-set-6-pieces-320ml-44000512
Risoli - Deep Pot with Glass Lid - Die Cast Aluminum - 24cm - Black,"LE 4,335.00","LE 4,335.00",https://sheffieldegypt.com/products/risoli-black-frypan-die-cast-aluminum-20cm-black-44000511
Risoli - Rectangular Oven Pan with Grill Lid - Die Cast Aluminum - 24cm - Black,"LE 7,550.00","LE 7,550.00",https://sheffieldegypt.com/products/risoli-black-plus-pot-with-glass-lid-die-cast-aluminum-24cm-black-44000510
Risoli - Black Plus Small Egg Pan - Die Cast Aluminum - 14cm - Black,"LE 1,200.00","LE 1,200.00",https://sheffieldegypt.com/products/risoli-black-plus-frypan-die-cast-aluminum-14cm-black-44000430
Risoli - Black Plus Pot with Lid - Die Cast Aluminum - 28cm - Black,"LE 6,270.00","LE 6,270.00",https://sheffieldegypt.com/products/risoli-black-plus-pot-with-lid-die-cast-aluminum-28cm-black-44000429
Risoli - Black Plus Pot with Lid - Die Cast Aluminum - 24cm - Black,"LE 4,950.00","LE 4,950.00",https://sheffieldegypt.com/products/risoli-black-plus-pot-with-lid-die-cast-aluminum-24cm-black-44000428
Risoli - Black Plus Pot with Lid - Die Cast Aluminum - 20cm - Black,"LE 4,350.00","LE 4,350.00",https://sheffieldegypt.com/products/risoli-black-plus-pot-with-lid-die-cast-aluminum-20cm-black-44000427
Bohemia Crystal - Highball & Tumbler Glass Set 12 Pieces - Gold - 300ml & 280ml,"LE 5,595.00","LE 5,595.00",https://sheffieldegypt.com/products/bohemia-crystal-highball-tumbler-glass-set-12-pieces-gold-300ml-280ml-39000846
Bohemia Crystal - Tumbler Glass Set 6 Pieces - Blue - 300ml - Crystal,"LE 1,035.00","LE 1,035.00",https://sheffieldegypt.com/products/bohemia-crystal-tumbler-glass-set-6-pieces-blue-300ml-3900010056
Bohemia Crystal - Bolero Crystal Vase - 31cm,"LE 3,125.00","LE 3,125.00",https://sheffieldegypt.com/products/bohemia-crystal-crystal-vase-31cm-2700010901
Bohemia Crystal - Parley Crystal Vase - 25.5cm,"LE 3,780.00","LE 3,780.00",https://sheffieldegypt.com/products/bohemia-crystal-wavy-crystal-vase-25cm-2700010541
Bohemia Crystal - Round Footed Crystal Vase - 39cm,"LE 2,340.00","LE 2,340.00",https://sheffieldegypt.com/products/bohemia-crystal-crystal-vase-with-base-39cm-2700010162
Bohemia Crystal - Arizo Square Crystal Vase - 28cm,"LE 2,250.00","LE 2,250.00",https://sheffieldegypt.com/products/bohemia-crystal-wavy-crystal-vase-28cm-2700010119
Bohemia Crystal - Star shaped Crystal Vase - 33cm,"LE 2,795.00","LE 2,795.00",https://sheffieldegypt.com/products/bohemia-crystal-five-slides-crystal-vase-34cm-270006846
Bohemia Crystal - Five Slides Crystal Vase - 28cm,"LE 2,150.00","LE 2,150.00",https://sheffieldegypt.com/products/bohemia-crystal-five-slides-crystal-vase-28cm-270006845
Bohemia Crystal - Tumbler Glass Set 6 Pieces - Gold - 230ml,"LE 2,205.00","LE 2,205.00",https://sheffieldegypt.com/products/bohemia-crystal-tumbler-glass-set-6-pieces-gold-230ml-2710340007
Bohemia Crystal - Flute Glass Set 6 Pieces - Gold - 150ml,"LE 2,450.00","LE 2,450.00",https://sheffieldegypt.com/products/bohemia-crystal-flute-glass-set-6-pieces-gold-150ml-2710340004
Bohemia Crystal - Goblet Glass Set 6 Pieces - Orange - 230ml - Crystal,"LE 1,035.00","LE 1,035.00",https://sheffieldegypt.com/products/bohemia-crystal-goblet-glass-set-6-pieces-amber-230ml-3900010228
Bohemia Crystal - Goblet Glass Set 6 Pieces - Green - 230ml - Crystal,"LE 1,035.00","LE 1,035.00",https://sheffieldegypt.com/products/bohemia-crystal-goblet-glass-set-6-pieces-green-230ml-3900010227
Bohemia Crystal - Goblet Glass Set 6 Pieces - Purple - 240ml - Crystal,LE 925.00,LE 925.00,https://sheffieldegypt.com/products/bohemia-crystal-goblet-glass-set-6-pieces-purple-240ml-3900010226
Bohemia Crystal - Flute Glass Set 6 Pieces - Silver - 180ml - Crystal,"LE 1,215.00","LE 1,215.00",https://sheffieldegypt.com/products/bohemia-crystal-flute-glass-set-6-pieces-silver-180ml-3900010147
Bohemia Crystal - Goblet Glass Set 6 Pieces - Gold - 250ml - Crystal,"LE 1,215.00","LE 1,215.00",https://sheffieldegypt.com/products/bohemia-crystal-goblet-glass-set-6-pieces-gold-250ml-3900010146
Bohemia Crystal - Flute Glass Set 6 Pieces - Gold - 180ml - Crystal,"LE 1,215.00","LE 1,215.00",https://sheffieldegypt.com/products/bohemia-crystal-flute-glass-set-6-pieces-gold-180ml-3900010143
Bohemia Crystal - Highball Glass Set 6 Pieces - Orange - 350ml - Crystal,"LE 1,150.00","LE 1,150.00",https://sheffieldegypt.com/products/bohemia-crystal-highball-glass-set-6-pieces-amber-350ml-3900010063
Pasabahce - Decorated Ice Cream Glass Set 6 Pieces - 185ml,LE 395.00,LE 395.00,https://sheffieldegypt.com/products/pasabahce-ice-cream-set-6-piceces-10ml-390005154
Pasabahce - Azur Decorated Highball & Tumbler Glass Set 12 Pieces - Silver - 340&250ml,LE 750.00,LE 750.00,https://sheffieldegypt.com/products/pasabahce-azure-decorated-highball-tumbler-glass-set-12-pieces-silver-3910530023
Bohemia Crystal - Goblet Glass Set 6 Pieces - Silver - 250ml - Crystal,"LE 1,215.00","LE 1,215.00",https://sheffieldegypt.com/products/bohemia-crystal-goblet-glass-set-6-pieces-silver-250ml-3900010117
Bohemia Crystal - Diamond Flute Glass Set 6 Pieces  - Silver & Grey - 120ml - Crystal,"LE 2,655.00","LE 2,655.00",https://sheffieldegypt.com/products/bohemia-crystal-diamond-flute-glass-set-6-pieces-silver-with-grey-22ml-270006797
Bohemia Crystal - Dessert Set 7 Pieces,"LE 7,630.00","LE 7,630.00",https://sheffieldegypt.com/products/bohemia-crystal-crystal-dessert-set-7-pieces-2700010235
Bohemia Crystal - Footed Crystal Box - 27.5cm,"LE 4,225.00","LE 4,225.00",https://sheffieldegypt.com/products/bohemia-crystal-crystal-footed-box-with-base-27-5cm-2700010916
Bohemia Crystal - Footed Crystal Crystal Vase - 39cm,"LE 3,150.00","LE 3,150.00",https://sheffieldegypt.com/products/bohemia-crystal-crystal-vase-with-base-13cm-2700010898
Bohemia Crystal - Round Crystal Ashtray - 13cm - 500 PK Crystal,"LE 4,725.00","LE 4,725.00",https://sheffieldegypt.com/products/bohemia-crystal-round-crystal-ashtray-12-8cm-2700011102
TAC - Frying Pan Set 3 Pieces - Black - Cast Aluminum,"LE 2,750.00","LE 2,750.00",https://sheffieldegypt.com/products/tac-fry-pan-set-3-pieces-black-4410560002
Pasabahce - Timeless Highball Glass Set 4 Pieces - 445ml - Blue,LE 630.00,LE 630.00,https://sheffieldegypt.com/products/pasabahce-elysia-long-drink-445ml-turquoise-390005220
Pasabahce - Highball Glass Set 4 Pieces - 450ml - Grey,LE 695.00,LE 695.00,https://sheffieldegypt.com/products/pasabahce-timeless-cocktail-glass-long-drink-450ml-grey-390005218
Pasabahce - Tumbler Glass Set 4 Pieces - 345ml - Grey,LE 625.00,LE 625.00,https://sheffieldegypt.com/products/pasabahce-timeless-whisky-glass-345ml-grey-390005217
Pasabahce - Tumbler Glass Set 4 Pieces - 355ml - Grey,LE 625.00,LE 625.00,https://sheffieldegypt.com/products/pasabahce-elysia-old-fashioned-glass-355ml-grey-390005216
Pasabahce -  Tumbler Glass Set 4 Pieces  - 355ml - Blue,LE 565.00,LE 565.00,https://sheffieldegypt.com/products/pasabahce-elysia-old-fashioned-glass-355ml-turquoise-390005215
Pasabahce - Recycled Vase Oasis - 35cm,"LE 1,415.00","LE 1,415.00",https://sheffieldegypt.com/products/pasabahce-recycled-vase-oasis-35cm-390005211
Pasabahce - Aquatic Glass Set 18 Pieces - Purple,LE 765.00,LE 765.00,https://sheffieldegypt.com/products/pasabahce-aquatic-beverage-tumblers-set-18-pieces-purple-390005188
Pasabahce -Aquatic Glass Set 18 Pieces - Blue,LE 765.00,LE 765.00,https://sheffieldegypt.com/products/pasabahce-aquatic-beverage-tumblers-set-18-pieces-turquoise-390005187
Pasabahce - Aquatic Glass Set 18 Pieces - Pink,LE 765.00,LE 765.00,https://sheffieldegypt.com/products/pasabahce-aquatic-beverage-tumblers-set-18-pieces-pink-390005186
Bohemia Crystal - Tumbler Glass Set 6 Pieces - 320ml,"LE 1,595.00","LE 1,595.00",https://sheffieldegypt.com/products/bohemia-crystal-tumbler-glass-set-6-pieces-320ml-2710230029
Bohemia Crystal - Highball Glass Set 6 Pieces - 370ml,"LE 2,250.00","LE 2,250.00",https://sheffieldegypt.com/products/bohemia-crystal-highball-glass-set-6-pieces-370ml-2710230028
Dinner Set 66 Pieces - Porcelain - Gold,"LE 16,950.00","LE 16,950.00",https://sheffieldegypt.com/products/dinner-set-66-pieces-porcelain-white-gold-130001027
Bohemia Crystal - Goblet Glass Set 6 Pieces - 240ml - Crystal,LE 725.00,LE 725.00,https://sheffieldegypt.com/products/bohemia-crystal-goblet-glass-set-6-pieces-240ml-3900010236
Bohemia Crystal - Brandy Goblet Glass Set 6 Pieces - 380ml - Crystal,"LE 1,035.00","LE 1,035.00",https://sheffieldegypt.com/products/bohemia-crystal-brandy-goblet-glass-set-6-pieces-380ml-3900010042
Bohemia Crystal - Goblet Glass Set 6 Pieces - 250ml - Crystal,"LE 1,035.00","LE 1,035.00",https://sheffieldegypt.com/products/bohemia-crystal-goblet-glass-set-6-pieces-250ml-3900010231
Bohemia Crystal - Goblet Glass Set 6 Pieces - 200ml - Crystal,"LE 1,035.00","LE 1,035.00",https://sheffieldegypt.com/products/bohemia-crystal-goblet-glass-set-6-pieces-200ml-3900010230
Senzo - Round Grill with Handle - 32cm - Porcelain,LE 485.00,LE 485.00,https://sheffieldegypt.com/products/senzo-round-grill-with-handle-32cm-porcelain-520001248
Bohemia Crystal - Cocktail Glass Set 6 Pieces - Gold - 180ml,"LE 2,450.00","LE 2,450.00",https://sheffieldegypt.com/products/bohemia-crystal-jelly-glass-set-6-pieces-gold-180ml-2710340006
Kutahya -Daily-use Dinner Set 24 Pieces - Porcelain - Mint Green,"LE 4,950.00","LE 4,950.00",https://sheffieldegypt.com/products/kutahya-dinner-set-24-pieces-porcelain-dark-blue-with-brown-rim-1310630005
Kutahya -Daily-use Dinner Set 24 Pieces - Porcelain - Beige,"LE 4,455.00","LE 4,455.00",https://sheffieldegypt.com/products/kutahya-dinner-set-24-pieces-porcelain-dark-blue-with-brown-rim-1310630004
Kutahya -Daily-use Dinner Set 24 Pieces - Porcelain - Mint Green with Brown Rim,"LE 4,950.00","LE 4,950.00",https://sheffieldegypt.com/products/kutahya-dinner-set-24-pieces-mint-green-with-brown-rim-1310630002
Kutahya - Daily-use Dinner Set 24 Pieces - Porcelain - Beige with Brown Rim,"LE 4,455.00","LE 4,455.00",https://sheffieldegypt.com/products/kutahya-dinner-set-24-pieces-beige-with-brown-rim-1310630001
Oval Tray Set with Handles 2 Pieces - Silver - Stainless Steel,"LE 3,250.00","LE 3,250.00",https://sheffieldegypt.com/products/tray-set-with-handles-2-pieces-silver-stainless-steel-80008
Oval Tray Set with Handles 2 Pieces - Silver - Stainless Steel,"LE 3,250.00","LE 3,250.00",https://sheffieldegypt.com/products/tray-set-with-handles-2-pieces-silver-stainless-steel-80006
Oval Tray Set with Handles 2 Pieces - Silver - Stainless Steel,"LE 3,250.00","LE 3,250.00",https://sheffieldegypt.com/products/tray-set-with-handles-2-pieces-silver-stainless-steel-800012
Oval Tray Set with Handles 2 Pieces - Silver - Stainless Steel,"LE 3,250.00","LE 3,250.00",https://sheffieldegypt.com/products/tray-set-with-handles-2-pieces-silver-stainless-steel-800011
Senzo - Wooden Chip & Dip Platter with 3 Bowls - Wood & Porcelain,LE 575.00,LE 575.00,https://sheffieldegypt.com/products/senzo-wooden-bowl-s-holder-59105248
Senzo - Chip & Dip Wooden Tray with 3 Bowls - Wood & Porcelain,LE 495.00,LE 495.00,https://sheffieldegypt.com/products/senzo-wooden-bowl-holder-59105247
Cutlery Set 89 Pieces - Stainless Steel - Gold,"LE 10,500.00","LE 10,500.00",https://sheffieldegypt.com/products/cutlery-set-89-pieces-stainless-steel-gold-1010560012
Cutlery Set 89 Pieces - Stainless Steel - Silver,"LE 9,750.00","LE 9,750.00",https://sheffieldegypt.com/products/cutlery-set-89-pieces-stainless-steel-silver
Cutlery Set 84 Pieces - Stainless Steel - Gold,"LE 9,750.00","LE 9,750.00",https://sheffieldegypt.com/products/cutlery-set-84-pieces-stainless-steel-gold
Cutlery Set 84 Pieces - Stainless Steel - Silver - Satin,"LE 8,950.00","LE 8,950.00",https://sheffieldegypt.com/products/cutlery-set-84-pieces-stainless-steel-silver-satin
Paragon - Dinner Set 62 Pieces - Gold - Bone China,"LE 12,950.00","LE 12,950.00",https://sheffieldegypt.com/products/paragon-dinner-set-62-pieces-gold-bone-china-3
Paragon - Dinner Set 62 Pieces - Gold - Bone China,"LE 22,315.00","LE 22,315.00",https://sheffieldegypt.com/products/paragon-dinner-set-62-pieces-gold-bone-china-1
Paragon - Dinner Set 62 Pieces - Gold - Bone China,"LE 22,315.00","LE 22,315.00",https://sheffieldegypt.com/products/paragon-dinner-set-62-pieces-gold-bone-china
Paragon - Dinner Set 62 Pieces - Gold & Silver - Bone China,"LE 26,250.00","LE 26,250.00",https://sheffieldegypt.com/products/paragon-dinner-set-62-pieces-gold-silver-bone-china
Paragon - Dinner Set 62 Pieces - Gold & Blue - Bone China,"LE 12,950.00","LE 12,950.00",https://sheffieldegypt.com/products/paragon-dinner-set-62-pieces-gold-blue-bone-china
BergHOFF - Leo -  Ramekin Set 4 Pieces - 10.6cm - Stoneware - Grey,"LE 1,135.00","LE 1,135.00",https://sheffieldegypt.com/products/berghoff-leo-set-of-baking-forms-10-6cm-4-pieces
BergHOFF - Leo - Two-way ribbon paddle grater - 27cm,LE 645.00,LE 645.00,https://sheffieldegypt.com/products/berghoff-leo-two-way-ribbon-paddle-grater
BergHOFF  - Leo - Ultra - coarse paddle grater - 27cm,LE 645.00,LE 645.00,https://sheffieldegypt.com/products/berghoff-leo-ultra-coarse-paddle-grater
BergHOFF  - Leo -  Baking dish round diameter - 26cm,LE 705.00,LE 705.00,https://sheffieldegypt.com/products/berghoff-leo-baking-dish-round-diameter-26cm
BergHOFF - Gem - Round baking dish grey - 28cm,"LE 1,075.00","LE 1,075.00",https://sheffieldegypt.com/products/berghoff-gem-round-baking-dish-grey-28cm
BergHOFF- Essentials - Cereal bowl - 15cm,LE 285.00,LE 285.00,https://sheffieldegypt.com/products/berghoff-essentials-cereal-bowl
BergHOFF - Essentials - Salad bowl - 22.5cm,LE 935.00,LE 935.00,https://sheffieldegypt.com/products/berghoff-essentials-salad-bowl
BergHOFF- Gem Small square baking dish - Grey - 20x6.5cm - Ceramic,"LE 1,135.00","LE 1,135.00",https://sheffieldegypt.com/products/berghoff-gem-square-baking-dish-small
BergHOFF - Ramekin medium -  220ml - 4 Pieces,LE 745.00,LE 745.00,https://sheffieldegypt.com/products/berghoff-ramekin-medium-220ml-4-pieces
BergHOFF - Square baking dish small - 24x20cm,"LE 1,995.00","LE 1,995.00",https://sheffieldegypt.com/products/berghoff-baking-pan-24x20cm
BergHOFF  - Leo - Flexible turner Graphite - 32cm,LE 755.00,LE 755.00,https://sheffieldegypt.com/products/berghoff-leo-flexible-turner-graphite
BergHOFF - Leo - Hand Grater Graphite - 32cm - Stainless Steel,LE 765.00,LE 765.00,https://sheffieldegypt.com/products/berghoff-leo-hand-grater-graphite
BergHOFF - Leo - Skimmer Balance - 32cm,LE 505.00,LE 505.00,https://sheffieldegypt.com/products/berghoff-leo-skimmer-balance
BergHOFF - Leo - Square grater - 4-Sided - 25cm,"LE 1,235.00","LE 1,235.00",https://sheffieldegypt.com/products/berghoff-leo-square-grater-4-sided
BergHOFF - Essentials - Corkscrew - 20cm,LE 755.00,LE 755.00,https://sheffieldegypt.com/products/berghoff-essentials-corkscrew
BergHOFF - Essentials - Garlic Press - 19cm,LE 975.00,LE 975.00,https://sheffieldegypt.com/products/berghoff-essentials-garlic-press
"BergHOFF - Essentials - Grater - 4-Sided - 18,5cm",LE 875.00,LE 875.00,https://sheffieldegypt.com/products/berghoff-essentials-grater-4-sided
BergHOFF - Leo - Knife sharpener with two stages green - 30cm,LE 645.00,LE 645.00,https://sheffieldegypt.com/products/berghoff-leo-knife-sharpener-with-two-stages-green-30cm
"BergHOFF - Essentials - Whisk - 17,80cm",LE 345.00,LE 345.00,https://sheffieldegypt.com/products/berghoff-essentials-whisk-17-80cm
BergHOFF - Leo - knife block set Legacy - 11 Pieces,"LE 8,175.00","LE 8,175.00",https://sheffieldegypt.com/products/berghoff-leo-knife-block-set-legacy-11-pieces
BergHOFF - Leo - Bread knife - 23cm,LE 675.00,LE 675.00,https://sheffieldegypt.com/products/berghoff-leo-bread-knife-23cm
BergHOFF - Leo - knife block - 13 Pieces,"LE 7,525.00","LE 7,525.00",https://sheffieldegypt.com/products/berghoff-leo-knife-block-13-pieces
BergHOFF - Leo - Santoku knife Mint - 17cm,LE 675.00,LE 675.00,https://sheffieldegypt.com/products/berghoff-leo-santoku-knife-mint-17cm
BergHOFF - Leo -  Vegetable and Zester Knife - 11cm,LE 675.00,LE 675.00,https://sheffieldegypt.com/products/berghoff-leo-vegetable-and-zester-knife-11cm
BergHOFF - Leo - knife block set Graphite - 5 Pieces,"LE 8,045.00","LE 8,045.00",https://sheffieldegypt.com/products/berghoff-leo-knife-block-set-graphite-5-pieces
BergHOFF - Leo - specialty knife set Forest - 3 Pieces,"LE 1,315.00","LE 1,315.00",https://sheffieldegypt.com/products/berghoff-leo-specialty-knife-set-forest-3-pieces
BergHOFF - Leo - carving set Forest - 2 Pieces,"LE 1,055.00","LE 1,055.00",https://sheffieldegypt.com/products/berghoff-leo-carving-set-forest-2-pieces
BergHOFF - Leo - complete knife set Glints Spirit - 5 Pieces,"LE 2,715.00","LE 2,715.00",https://sheffieldegypt.com/products/berghoff-leo-complete-knife-set-glints-spirit-5-pieces
BergHOFF - Leo - knife block set Graphite - 13 Pieces,"LE 10,905.00","LE 10,905.00",https://sheffieldegypt.com/products/berghoff-leo-knife-block-set-graphite-13-pieces
BergHOFF - Leo  - knife block set Graphite - 6 Pieces,"LE 6,375.00","LE 6,375.00",https://sheffieldegypt.com/products/berghoff-leo-knife-block-set-graphite-6-pieces
BergHOFF - Essentials  -  Eclipse Steak Knife Set - 6 Pieces - 11.5cm,"LE 1,825.00","LE 1,825.00",https://sheffieldegypt.com/products/berghoff-essentials-eclipse-steak-knife-set-7-pieces
BergHOFF - Leo -  knife block set Forest - 6 pieces,"LE 5,325.00","LE 5,325.00",https://sheffieldegypt.com/products/berghoff-leo-knife-block-set-forest
BergHOFF - Essentials -  knife block - 7 pieces,"LE 6,375.00","LE 6,375.00",https://sheffieldegypt.com/products/berghoff-essentials-knife-block-7-pieces
BergHOFF - Leo - Travel flatware set,LE 585.00,LE 585.00,https://sheffieldegypt.com/products/berghoff-leo-travel-flatware-set
BergHOFF - Leo - Fry pan non-stick Balance Sage with turner Balance - 24cm - Cast Aluminum,"LE 2,595.00","LE 2,595.00",https://sheffieldegypt.com/products/berghoff-leo-fry-pan-non-stick-balance-sage-with-turner-balance-24cm
BergHOFF - Leo - Grill pan non - stick Balance Sage - 28cm,"LE 2,975.00","LE 2,975.00",https://sheffieldegypt.com/products/berghoff-leo-grill-pan-non-stick-balance-sage-28cm
BergHOFF- Leo - Grill pan non - stick Balance Sage - 24cm,"LE 2,465.00","LE 2,465.00",https://sheffieldegypt.com/products/berghoff-leo-grill-pan-non-stick-balance-sage-24cm
BergHOFF- Leo - Omelette pan non-stick Balance Sage - 25cm - Cast Aluminum,"LE 1,895.00","LE 1,895.00",https://sheffieldegypt.com/products/berghoff-leo-omelette-pan-non-stick-balance-sage-25cm
BergHOFF - Leo - Covered wok non-stick Balance Sage - 28cm - Cast Aluminum,"LE 3,925.00","LE 3,925.00",https://sheffieldegypt.com/products/berghoff-leo-covered-wok-non-stick-balance-sage-28cm
BergHOFF - Leo Covered non-stick Stockpot - 24cm - Cast Aluminum,"LE 4,345.00","LE 4,345.00",https://sheffieldegypt.com/products/berghoff-leo-covered-stockpot-non-stick-balance-sage-24x14cm
BergHOFF - Leo Covered non-stick Stockpot - 20cm - Cast Aluminum,"LE 3,435.00","LE 3,435.00",https://sheffieldegypt.com/products/berghoff-leo-covered-casserole-non-stick-balance-sage-20cm
BergHOFF - Leo - Covered 2-handle sauté pan non - 26cm -  Cast Aluminum,"LE 3,725.00","LE 3,725.00",https://sheffieldegypt.com/products/berghoff-leo-covered-2-handle-saute-pan-non-stick-balance-sage-26cm
BergHOFF - Leo - Covered sauté pan non-stick - 26cm - Cast Aluminum,"LE 3,955.00","LE 3,955.00",https://sheffieldegypt.com/products/berghoff-leo-covered-saute-pan-non-stick-balance-sage-26cm
BergHOFF - Leo - Fry pan non-stick Balance Sage - 28cm - Cast Aluminum,"LE 2,275.00","LE 2,275.00",https://sheffieldegypt.com/products/berghoff-leo-fry-pan-non-stick-balance-sage-28cm
BergHOFF - Leo - Fry pan non-stick Balance Sage - 24cm - Cast Aluminum,"LE 1,925.00","LE 1,925.00",https://sheffieldegypt.com/products/berghoff-leo-fry-pan-non-stick-balance-sage-24cm
BergHOFF - Leo - Fry pan non-stick Balance Sage - 20cm - Cast Aluminum,"LE 1,615.00","LE 1,615.00",https://sheffieldegypt.com/products/berghoff-leo-fry-pan-non-stick-balance-sage-20cm
BergHOFF - Leo - Fry pan non-stick Balance Moonmist with turner Balance - 24cm - Cast Aluminum,"LE 2,595.00","LE 2,595.00",https://sheffieldegypt.com/products/berghoff-leo-fry-pan-non-stick-balance-moonmist-with-turner-balance-24cm
BergHOFF - Leo - Grill pan non - stick Balance Moonmist - 28cm,"LE 2,975.00","LE 2,975.00",https://sheffieldegypt.com/products/berghoff-leo-grill-pan-non-stick-balance-moonmist-28cm
BergHOFF - Leo - Grill pan non - stick Balance Moonmist - 24cm,"LE 2,465.00","LE 2,465.00",https://sheffieldegypt.com/products/berghoff-leo-grill-pan-non-stick-balance-moonmist-24cm
BergHOFF - Leo - Omelette pan non-stick Balance Moonmist - 25cm - Cast Aluminum,"LE 1,895.00","LE 1,895.00",https://sheffieldegypt.com/products/berghoff-leo-omelette-pan-non-stick-balance-moonmist-25cm
BergHOFF - Leo - Covered wok non-stick Balance Moonmist - 28cm - Cast Aluminum,"LE 3,925.00","LE 3,925.00",https://sheffieldegypt.com/products/berghoff-leo-covered-wok-non-stick-balance-moonmist-28cm
BergHOFF - Leo - Covered stockpot non-stick Moonmist - 24cm - Cast Aluminum,"LE 4,035.00","LE 4,035.00",https://sheffieldegypt.com/products/berghoff-leo-covered-stockpot-non-stick-balance-moonmist-24x11-50cm
BergHOFF - Leo - Covered 2- handle sauté pan non-stick Moonmist - 26cm - Cast Aluminum,"LE 3,725.00","LE 3,725.00",https://sheffieldegypt.com/products/berghoff-leo-covered-2-handle-saute-pan-non-stick-balance-moonmist-26cm
BergHOFF - Leo - Covered saucepan non-stick Moonmist - 18cm - Cast Aluminum,"LE 2,595.00","LE 2,595.00",https://sheffieldegypt.com/products/berghoff-leo-covered-saucepan-non-stick-balance-moonmist-18cm
BergHOFF - Leo - Fry pan non-stick Balance Moonmist - 32cm - Cast Aluminum,"LE 2,715.00","LE 2,715.00",https://sheffieldegypt.com/products/berghoff-leo-fry-pan-non-stick-balance-moonmist-32cm
BergHOFF - Leo - Fry pan non-stick Balance Moonmist - 30cm - Cast Aluminum,"LE 2,535.00","LE 2,535.00",https://sheffieldegypt.com/products/berghoff-leo-fry-pan-non-stick-balance-moonmist-30cm
BergHOFF  - Leo - Fry pan non-stick Balance Moonmist - 24cm - Cast Aluminum,"LE 1,925.00","LE 1,925.00",https://sheffieldegypt.com/products/berghoff-leo-fry-pan-non-stick-balance-moonmist-24cm
BergHOFF - Leo - Fry pan non-stick Balance Moonmist - 20cm - Cast Aluminum,"LE 1,735.00","LE 1,735.00",https://sheffieldegypt.com/products/berghoff-leo-fry-pan-non-stick-balance-moonmist-20cm
BergHOFF - Leo - Stone pancake pan - 25cm - Cast Aluminum,"LE 1,565.00","LE 1,565.00",https://sheffieldegypt.com/products/berghoff-leo-stone-pancake-pan-25cm
BergHOFF - Leo - Covered 2-handle sauté pan Forest - 28cm - Cast Aluminum,"LE 3,595.00","LE 3,595.00",https://sheffieldegypt.com/products/berghoff-leo-covered-2-handle-saute-pan-forest-28cm
BergHOFF - Leo - Covered stockpot Forest - 24cm - Cast Aluminum,"LE 2,935.00","LE 2,935.00",https://sheffieldegypt.com/products/berghoff-leo-covered-stockpot-forest-24x11cm
BergHOFF - Leo - Covered Saucepan Forest - 20cm - Cast Aluminum,"LE 2,615.00","LE 2,615.00",https://sheffieldegypt.com/products/berghoff-leo-covered-saucepan-forest-20cm
BergHOFF - Leo - Covered Saucepan Forest - 18cm - Cast Aluminum,"LE 2,205.00","LE 2,205.00",https://sheffieldegypt.com/products/berghoff-leo-covered-saucepan-forest-18cm
BergHOFF - Essentials - Set mixing Bowls - 8pieces - Silver,"LE 5,555.00","LE 5,555.00",https://sheffieldegypt.com/products/berghoff-essentials-set-mixing-bowls-8pieces-silver
BergHOFF - Leo - Covered wok - 28cm - Cast Aluminum,"LE 3,265.00","LE 3,265.00",https://sheffieldegypt.com/products/berghoff-leo-covered-wok-28cm
BergHOFF - Leo - Covered 2-handle sauté pan - 26cm - Drawn Aluminum,"LE 3,105.00","LE 3,105.00",https://sheffieldegypt.com/products/berghoff-leo-covered-2-handle-saute-pan-26cm
BergHOFF - Leo - Wok non - stick Stone - 30cm -Cast Aluminum,"LE 4,115.00","LE 4,115.00",https://sheffieldegypt.com/products/berghoff-leo-wok-non-stick-stone-30cm
BergHOFF - Leo - Covered wok pan non - stick Stone - 28cm - Cast Aluminum,"LE 4,645.00","LE 4,645.00",https://sheffieldegypt.com/products/berghoff-leo-covered-wok-pan-non-stick-stone-28cm
BergHOFF - Leo - Covered 2 - handle sauté pan non-stick Stone - 28cm - Cast Aluminum,"LE 4,675.00","LE 4,675.00",https://sheffieldegypt.com/products/berghoff-leo-covered-2-handle-saute-pan-non-stick-stone-28cm
BergHOFF - Leo - Covered stockpot non-stick Stone - 24cm - Cast Aluminum,"LE 4,485.00","LE 4,485.00",https://sheffieldegypt.com/products/berghoff-leo-covered-stockpot-non-stick-stone-24x14cm
BergHOFF  - Leo - Covered stockpot non-stick Stone - 24cm - Cast Aluminum,"LE 4,105.00","LE 4,105.00",https://sheffieldegypt.com/products/berghoff-leo-covered-stockpot-non-stick-stone-24x11cm
BergHOFF - Leo - Covered casserole non-stick Stone - 20cm - Cast Aluminum,"LE 3,415.00","LE 3,415.00",https://sheffieldegypt.com/products/berghoff-leo-covered-casserole-non-stick-stone-20cm
BergHOFF - Leo - Covered saucepan non-stick Stone - 18cm - Cast Aluminum,"LE 3,185.00","LE 3,185.00",https://sheffieldegypt.com/products/berghoff-leo-covered-saucepan-non-stick-stone-18cm
BergHOFF - Leo - Pancake pan non - stick Stone - 25cm - Cast Aluminum,"LE 2,855.00","LE 2,855.00",https://sheffieldegypt.com/products/berghoff-leo-pancake-pan-non-stick-stone-25cm
BergHOFF - Leo - Grill pan non - stick Stone - 26cm,"LE 3,015.00","LE 3,015.00",https://sheffieldegypt.com/products/berghoff-leo-grill-pan-non-stick-stone-26cm
BergHOFF - Leo - Fry pan non - stick Stone - 28cm - Cast Aluminum,"LE 2,895.00","LE 2,895.00",https://sheffieldegypt.com/products/berghoff-leo-fry-pan-non-stick-stone-28cm
BergHOFF - Leo - Fry pan non - stick Stone - 24cm,"LE 2,365.00","LE 2,365.00",https://sheffieldegypt.com/products/berghoff-leo-fry-pan-non-stick-stone-24cm
BergHOFF - Leo - Fry pan non - stick Stone - 20cm,"LE 1,945.00","LE 1,945.00",https://sheffieldegypt.com/products/berghoff-leo-fry-pan-non-stick-stone-20cm
BergHOFF - Leo -  Knife block set Glints Slate - 7 Pieces,"LE 5,815.00","LE 5,815.00",https://sheffieldegypt.com/products/berghoff-leo-knife-block-set-glints-slate-7-pieces
BergHOFF - Leo - Knife Block set Spirit - 7 Pieces,"LE 5,815.00","LE 5,815.00",https://sheffieldegypt.com/products/berghoff-leo-knife-block-set-spirit-7-pieces
BergHOFF - Leo - Covered Wok with Handle - 28cm,"LE 3,595.00","LE 3,595.00",https://sheffieldegypt.com/products/berghoff-leo-covered-wok-with-handle-grey-28cm
BergHOFF - Leo - Covered stockpot Stone - 24cm - Cast Aluminum,"LE 3,105.00","LE 3,105.00",https://sheffieldegypt.com/products/berghoff-leo-covered-stockpot-stone-grey-24x14cm
BergHOFF - Leo -  Covered stockpot Stone - 24cm - Cast Aluminum,"LE 2,935.00","LE 2,935.00",https://sheffieldegypt.com/products/berghoff-leo-covered-stockpot-stone-grey-24cm
BergHOFF - Leo - Covered saucepan Stone - 18cm -Cast Aluminum,"LE 2,205.00","LE 2,205.00",https://sheffieldegypt.com/products/berghoff-leo-covered-saucepan-stone-black-18cm
BergHOFF - Leo - Square Grill with Handle - Black - 26cm,"LE 1,875.00","LE 1,875.00",https://sheffieldegypt.com/products/berghoff-leo-square-grill-with-handle-black-26cm
BergHOFF - Leo - Fry pan Stone - Black - 28cm,"LE 2,035.00","LE 2,035.00",https://sheffieldegypt.com/products/berghoff-leo-fry-pan-stone-black-28cm
BergHOFF - Leo - Fry pan Stone - Black - 24cm,"LE 1,715.00","LE 1,715.00",https://sheffieldegypt.com/products/berghoff-leo-fry-pan-stone-black-24cm
BergHOFF - Leo - Fry pan Stone -  Black - 20cm,"LE 1,545.00","LE 1,545.00",https://sheffieldegypt.com/products/berghoff-leo-fry-pan-stone-black-20cm
BergHOFF - Leo - Covered saucepan - 18cm - Cast Aluminum,"LE 2,285.00","LE 2,285.00",https://sheffieldegypt.com/products/berghoff-leo-covered-saucepan-grey-18cm
Senzo - Round Grill with Handle - 27cm - Porcelain,LE 385.00,LE 385.00,https://sheffieldegypt.com/products/senzo-round-grill-with-handle-porcelain-27cm
Senzo - Small Lasagna Platter - White - 45cm - Porcelain,LE 525.00,LE 525.00,https://sheffieldegypt.com/products/senzo-small-lasagna-plate-white-45cm
Paragon - Dinner Set 62 Pieces - Gold - Bone China,"LE 12,950.00","LE 12,950.00",https://sheffieldegypt.com/products/paragon-dinner-set-62-pieces-white-porcelain
Bohemia Crystal - Footed Crystal Vase - 25.5cm - 500 PK Crystal,"LE 5,195.00","LE 5,195.00",https://sheffieldegypt.com/products/bohemia-crystal-small-crystal-vase-with-base-25-5cm
Bohemia Crystal - Crystal Basket - 23cm - 500 PK Crystal,"LE 8,450.00","LE 8,450.00",https://sheffieldegypt.com/products/bohemia-crystal-crystal-hand-cut-basket-23cm
Bohemia Crystal - Round Crystal Vase - 41cm - 500 PK Crystal,"LE 19,575.00","LE 19,575.00",https://sheffieldegypt.com/products/bohemia-crystal-cylindrical-crystal-vase-41cm
Bohemia Crystal - Footed Crystal Vase - 35.5cm - 500 PK Crystal,"LE 13,295.00","LE 13,295.00",https://sheffieldegypt.com/products/bohemia-crystal-crystal-vase-with-base-35-5cm
Bohemia Crystal - Footed Crystal Vase - 30.5cm - 500 PK Crystal,"LE 11,795.00","LE 11,795.00",https://sheffieldegypt.com/products/bohemia-crystal-crystal-vase-with-base-30-5cm
Bohemia Crystal - Round Crystal Ashtray - 16cm,"LE 2,905.00","LE 2,905.00",https://sheffieldegypt.com/products/bohemia-crystal-round-crystal-ashtray-16cm
Bohemia Crystal - Round Crystal Ashtray - 13cm,"LE 3,950.00","LE 3,950.00",https://sheffieldegypt.com/products/bohemia-crystal-round-crystal-ashtray-13cm
Bohemia Crystal - Round Crystal Ashtray - 15.5cm - 500 PK Crystal,"LE 4,625.00","LE 4,625.00",https://sheffieldegypt.com/products/bohemia-crystal-round-crystal-ashtray-15-5cm
Bohemia Crystal -   Cylindrical Crystal Vase - 25.5cm,"LE 7,425.00","LE 7,425.00",https://sheffieldegypt.com/products/bohemia-crystal-cylindrical-crystal-vase-25-5cm
Bohemia Crystal - Crystal Vase - 35.5cm,"LE 11,275.00","LE 11,275.00",https://sheffieldegypt.com/products/bohemia-crystal-crystal-vase-35-5cm
Bohemia Crystal - Large Crystal Vase With Base - 52cm,"LE 19,575.00","LE 19,575.00",https://sheffieldegypt.com/products/bohemia-crystal-large-crystal-vase-with-base-52cm
Bohemia Crystal - Wavy Candle Holder - 26cm - 500 PK Crystal,"LE 5,335.00","LE 5,335.00",https://sheffieldegypt.com/products/bohemia-crystal-wavy-candle-holder-26cm
Potsalina - Daily Use Dinner Set 24 Pieces - Off white & Yellow- Porcelain,"LE 3,500.00","LE 3,500.00",https://sheffieldegypt.com/products/potsalina-daily-use-dinner-set-24-pieces-off-white-yellow-porcelain
Potsalina - Daily Use Dinner Set 24 Pieces - Green & Brown - Porcelain,"LE 3,500.00","LE 3,500.00",https://sheffieldegypt.com/products/potsalina-daily-use-dinner-set-24-pieces-green-brown-porcelain
Pasabahce -  Glass Candy Bowl With Cover -14cm - Clear - Glass,LE 295.00,LE 295.00,https://sheffieldegypt.com/products/pasabahce-glass-candy-bowl-with-cover-14cm-clear-glass
Pasabahce -  Glass Sugar Pot With Cover - 14cm - Clear - Glass,LE 130.00,LE 130.00,https://sheffieldegypt.com/products/pasabahce-glass-sugar-pot-with-cover-14cm-clear-glass
Pasabahce - Azur Glass Mug Set 6 Pieces 210ml - Pink - Glass,LE 515.00,LE 515.00,https://sheffieldegypt.com/products/pasabahce-azur-glass-mug-set-6-pieces-210ml-pink-glass
Pasabahce - Aquatic Highball Glass set 6 Pieces 300ml - Purple - Glass,LE 245.00,LE 245.00,https://sheffieldegypt.com/products/pasabahce-aquatic-highball-glass-set-6-pieces-300ml-purple-glass
Pasabahce - Aquatic Highball Glass set 6 Pieces 300ml - Pink - Glass,LE 245.00,LE 245.00,https://sheffieldegypt.com/products/pasabahce-aquatic-highball-glass-set-6-pieces-300ml-pink-glass
Borcam - Premium Square Oven Dish - 2.4Lit - Tempered Glass,LE 350.00,LE 350.00,https://sheffieldegypt.com/products/borcam-premium-square-oven-dish-2-4lit-tempered-glass
Borcam - Bake & Keep Oven Dish with Lid - 21x16cm - Tempered Glass,LE 425.00,LE 425.00,https://sheffieldegypt.com/products/borcam-bake-keep-square-oven-dish-with-lid-21x16cm-tempered-glass
Borcam - Mix & Prep Bowl - 900ml - Tempered Glass,LE 225.00,LE 225.00,https://sheffieldegypt.com/products/borcam-mix-prep-bowl-9-2cm-tempered-glass
Borcam - Non-Stick Cake Deep Oven Dish - 1.68Lit - Tempered Glass,LE 575.00,LE 575.00,https://sheffieldegypt.com/products/borcam-non-stick-cake-deep-oven-dish-1-68lit-tempered-glass
Borcam - Rectangular Oven Platter Set 3 Pieces - Tempered Glass,LE 875.00,LE 875.00,https://sheffieldegypt.com/products/borcam-rectangular-oven-dishes-set-3-pieces-tempered-glass
Borcam - Oval Oven Dish with Handles - 2.75Lit - Tempered Glass,LE 675.00,LE 675.00,https://sheffieldegypt.com/products/borcam-oval-oven-dish-2-75lit-tempered-glass
Borcam - Rectangular Oven Dish- 3Lit - Tempered Glass,LE 650.00,LE 650.00,https://sheffieldegypt.com/products/borcam-rectangular-oven-dish-3lit-tempered-glass
Borcam - Grill Round Tray Clear - 26cm - Glass,LE 275.00,LE 275.00,https://sheffieldegypt.com/products/borcam-grill-round-tray-clear-26cm-tempered-glass
Borcam - Premium Rectangular Oven Dish - 2.5Lit - Tempered Glass,LE 350.00,LE 350.00,https://sheffieldegypt.com/products/borcam-premium-rectangular-oven-dish-2-5lit-tempered-glass
Borcam - Oval Oven Dish - 1.55Lit - Tempered Glass,LE 275.00,LE 275.00,https://sheffieldegypt.com/products/borcam-oval-oven-dish-1-55lit-tempered-glass
Borcam - Oval Oven Dish - 3.2Lit -Tempered Glass,LE 350.00,LE 350.00,https://sheffieldegypt.com/products/borcam-oval-oven-dish-3-2lit-tempered-glass
Borcam - Oval Oven Dish - 2.36Lit - Tempered Glass,LE 320.00,LE 320.00,https://sheffieldegypt.com/products/borcam-oval-oven-dish-2-36lit-tempered-glass
Borcam - Oval Casserole with Cover - 2.85Lit - Tempered Glass,LE 510.00,LE 510.00,https://sheffieldegypt.com/products/borcam-casserole-with-cover-2-85lit-tempered-glass
Borcam - Roasters Square Oven Dish - 2Lit - Tempered Glass,LE 345.00,LE 345.00,https://sheffieldegypt.com/products/borcam-roasters-square-oven-dish-2lit-tempered-glass
Borcam - Casserole with Cover with Handles - 2.25Lit - Tempered Glass,LE 515.00,LE 515.00,https://sheffieldegypt.com/products/borcam-casserole-with-cover-handle-2-25lit-tempered-glass
Borcam - Rectangular Casserole with Cover - 1.95 Lit - Tempered Glass,LE 485.00,LE 485.00,https://sheffieldegypt.com/products/borcam-rectangular-casserole-with-cover-1-95lit-tempered-glass
Borcam - Roasters Rectangular Oven Dish With handle - 2.75Lit - Tempered Glass,LE 510.00,LE 510.00,https://sheffieldegypt.com/products/borcam-roasters-rectangular-oven-dish-with-handle-2-75lit-tempered-glass
Borcam - Roasters Rectangular Oven Dish with Handles - 1.95Lit - Tempered Glass,LE 395.00,LE 395.00,https://sheffieldegypt.com/products/borcam-roasters-rectangular-oven-dish-1-95lit-tempered-glass
Borcam - Bowl Cake Deep - 1.68 Lit - Tempered Glass,LE 310.00,LE 310.00,https://sheffieldegypt.com/products/borcam-bowl-cake-deep-1-68-lit-tempered-glass
Borcam - Roasters Rectangular Oven Dish - 1.9Lit - Tempered Glass,LE 325.00,LE 325.00,https://sheffieldegypt.com/products/borcam-roasters-rectangular-oven-dish-1-9lit-tempered-glass
Pasabahce - Aqua Coffee Cup & Saucer Set 6 Pieces - Clear - Glass,LE 610.00,LE 610.00,https://sheffieldegypt.com/products/pasabahce-aqua-tea-cup-saucer-set-6-pieces-clear-glass
Pasabahce - Nova Glass Set 18 Pieces - Clear - Glass,LE 640.00,LE 640.00,https://sheffieldegypt.com/products/pasabahce-nova-tumbler-glass-sets-18-pieces-clear-glass
Pasabahce - Aquatic Highball Glass set 6 Pieces - 370ml - Pink - Glass,LE 270.00,LE 270.00,https://sheffieldegypt.com/products/pasabahce-aquatic-highball-glass-set-6-pieces-370ml-pink-glass
Pasabahce - Aquatic Tumbler Glass set 6 Pieces  - 220ml - Purple - Glass,LE 245.00,LE 245.00,https://sheffieldegypt.com/products/pasabahce-aquatic-whiskey-glass-set-6-pieces-220ml-purple-glass
Pasabahce - Aquatic Tumbler Glass set 6 Pieces - 220ml - Blue - Glass,LE 245.00,LE 245.00,https://sheffieldegypt.com/products/pasabahce-aquatic-whiskey-glass-set-6-pieces-220ml-turquoise-glass
Pasabahce - Aquatic Tumbler Glass set 6 Pieces - 220ml - Pink - Glass,LE 245.00,LE 245.00,https://sheffieldegypt.com/products/pasabahce-aquatic-whiskey-glass-set-6-pieces-220ml-pink-glass
Pasabahce - Aquatic Highball Glass set 6 Pieces - 220ml -Purple - Glass,LE 245.00,LE 245.00,https://sheffieldegypt.com/products/pasabahce-aquatic-old-fashioned-glass-set-6-pieces-220ml-purple-glass
Pasabahce - Aquatic Highball Glass set 6 Pieces - 220ml - Blue - Glass,LE 245.00,LE 245.00,https://sheffieldegypt.com/products/pasabahce-aquatic-old-fashioned-glass-set-6-pieces-220ml-turquoise-glass
Pasabahce - Aquatic Highball Glass set 6 Pieces - 220ml - Pink - Glass,LE 245.00,LE 245.00,https://sheffieldegypt.com/products/pasabahce-aquatic-old-fashioned-glass-set-6-pieces-220ml-pink-glass
Pasabahce - Amore Tumbler Glass set 6 Pieces - 330ml - Purple - Glass,LE 345.00,LE 345.00,https://sheffieldegypt.com/products/pasabahce-amore-double-old-fashion-glass-set-6-pieces-330ml-purple-glass
Pasabahce - Amore Tumbler Glass set 6 Pieces - 330ml - Blue - Glass,LE 295.00,LE 295.00,https://sheffieldegypt.com/products/pasabahce-amore-double-old-fashion-glass-set-6-pieces-330ml-turquoise-glass
Pasabahce - Amore Tumbler Glass set 6 Pieces - 330ml - Pink - Glass,LE 295.00,LE 295.00,https://sheffieldegypt.com/products/pasabahce-amore-double-old-fashion-glass-set-6-pieces-320ml-pink-glass
Pasabahce - Amore Highball Glass set 6 Pieces - 410ml - Purple - Glass,LE 375.00,LE 375.00,https://sheffieldegypt.com/products/pasabahce-amore-highball-glass-set-6-pieces-410ml-purple-glass
Pasabahce - Amore Highball Glass set 6 Pieces - 410ml - Blue - Glass,LE 320.00,LE 320.00,https://sheffieldegypt.com/products/pasabahce-amore-highball-glass-set-6-pieces-410ml-turquoise-glass
Pasabahce - Amore Highball Glass set 6 Pieces - 410ml - Pink - Glass,LE 320.00,LE 320.00,https://sheffieldegypt.com/products/pasabahce-amore-highball-glass-set-6-pieces-410ml-pink-glass
Pasabahce - Aquatic Highball Glass set 6 Pieces - 370ml - Purple - Glass,LE 315.00,LE 315.00,https://sheffieldegypt.com/products/pasabahce-aquatic-highball-glass-set-6-pieces-370ml-purple-glass
Pasabahce - Aquatic Highball Glass set 6 Pieces - 370ml - Blue - Glass,LE 270.00,LE 270.00,https://sheffieldegypt.com/products/pasabahce-aquatic-highball-glass-set-6-pieces-370ml-turquoise-glass
Pasabahce - Cake Serving Platter With Base - 16cm- clear - Glass,LE 215.00,LE 215.00,https://sheffieldegypt.com/products/pasabahce-cake-serving-platter-with-base-16cm-clear-glass
Pasabahce -  Floral Glass Cake Serving Platter With Base - 19.5cm- Clear - Glass,LE 215.00,LE 215.00,https://sheffieldegypt.com/products/pasabahce-floral-glass-cake-serving-platter-with-base-19-4cm-clear-glass
Pasabahce - Floral Glass Cake Serving Platter With Base - 15cm- Glass,LE 175.00,LE 175.00,https://sheffieldegypt.com/products/pasabahce-floral-glass-cake-serving-platter-with-base-15cm-clear-glass
Pasabahce - Aurora Footed Cake Serving Platter- 20cm - Clear- Glass,LE 360.00,LE 360.00,https://sheffieldegypt.com/products/pasabahce-aurora-cake-serving-platter-with-base-20cm-clear-glass
Pasabahce - Aurora Serving Glass Bowl - 30.5cm - Clear - Glass,LE 510.00,LE 510.00,https://sheffieldegypt.com/products/pasabahce-aurora-serving-big-glass-bowl-30-4cm-clear-glass
Pasabahce - Madlen Squared Glass Serving Platter - 24cm - Clear - Glass,LE 410.00,LE 410.00,https://sheffieldegypt.com/products/pasabahce-madlen-squared-glass-serving-platter-24x24cm-clear-glass
Pasabahce - Basic Glass Hors d'oeuvre 5 Parts - 30cm - Clear - Glass,LE 225.00,LE 225.00,https://sheffieldegypt.com/products/pasabahce-basic-divided-serving-platter-30-2cm-clear-glass
Pasabahce - Splash Round Serving Platter - 32cm - Clear - Glass,LE 235.00,LE 235.00,https://sheffieldegypt.com/products/pasabahce-splash-serving-platter-32cm-clear-glass
Pasabahce - Basic Candy Bowl with Cover 230ml - clear - Glass,LE 175.00,LE 175.00,https://sheffieldegypt.com/products/pasabahce-basic-candy-bowl-with-cover-230ml-clear-glass
Pasabahce - Sword Tumbler Glass Set 4 Pieces 350ml - Clear - Glass,LE 595.00,LE 595.00,https://sheffieldegypt.com/products/pasabahce-sword-old-fashioned-glass-set-4-pieces-350ml-clear-glass
Pasabahce - Sword Highball Glass Set 4 Pieces 350ml - Glass,LE 695.00,LE 695.00,https://sheffieldegypt.com/products/pasabahce-sword-highball-glass-set-4-pieces-350ml-clear-glass
Pasabahce - Iconic Glass Mug Set 6 Pieces 270ml - Purple,LE 270.00,LE 270.00,https://sheffieldegypt.com/products/pasabahce-iconic-glass-mug-set-6-pieces-270ml-purple-glass
Pasabahce - Iconic Glass Mug Set 6 Pieces 270ml - Turquoise,LE 270.00,LE 270.00,https://sheffieldegypt.com/products/pasabahce-iconic-glass-mug-set-6-pieces-270ml-turquoise-glass
Pasabahce - Iconic Glass Mug Set 6 Pieces 270ml - Pink,LE 270.00,LE 270.00,https://sheffieldegypt.com/products/pasabahce-iconic-glass-mug-set-6-pieces-270ml-pink-glass
Pasabahce - Kuvars Glass Mug Set 6 Pieces 250ml - Turquoise,LE 235.00,LE 235.00,https://sheffieldegypt.com/products/pasabahce-kuvars-glass-mug-set-6-pieces-250ml-turquoise-glass
Pasabahce - Azur Glass Mug Set 6 Pieces 120ml - Purple,LE 200.00,LE 200.00,https://sheffieldegypt.com/products/pasabahce-azur-glass-mug-set-6-pieces-120ml-purple-glass
Pasabahce - Azur Glass Mug Set 6 Pieces 120ml - Pink,LE 200.00,LE 200.00,https://sheffieldegypt.com/products/pasabahce-azur-glass-mug-set-6-pieces-120ml-pink-glass
Pasabahce -  Penguen Glass Mug Set 6 Pieces 300ml - Pink,LE 270.00,LE 270.00,https://sheffieldegypt.com/products/pasabahce-penguen-glass-mug-set-6-pieces-300ml-pink-glass
Pasabahce - Azur Tumbler Glass Set 6 Pieces - Purple - 240ml,LE 225.00,LE 225.00,https://sheffieldegypt.com/products/pasabahce-azur-glass-mug-set-6-pieces-240ml-purple-glass
Pasabahce - Azur Tumbler Glass Set 6 Pieces -  Turquoise - 240ml,LE 225.00,LE 225.00,https://sheffieldegypt.com/products/pasabahce-azur-glass-mug-set-6-pieces-240ml-turquoise-glass
Pasabahce - Azur Tumbler Glass Set 6 Pieces - Pink - 240ml,LE 225.00,LE 225.00,https://sheffieldegypt.com/products/pasabahce-azur-glass-mug-set-6-pieces-240ml-pink-glass
Pasabahce - Penguen Glass Mug Set 6 Pieces - Pink - 170ml,LE 235.00,LE 235.00,https://sheffieldegypt.com/products/pasabahce-penguen-glass-mug-set-6-pieces-170ml-pink-glass
Pasabahce - Aurora Dessert Set 7 Pieces - Glass,LE 895.00,LE 895.00,https://sheffieldegypt.com/products/pasabahce-aurora-dessert-set-7-pieces-glass
Goblet Glass Set 6 Pieces - Green - 120ml - Glass,"LE 1,285.00","LE 1,285.00",https://sheffieldegypt.com/products/goblet-glass-set-6-pieces-green-120ml-glass
Diamond Goblet Glass Set 6 Pieces - Orange - 250ml - Glass,"LE 1,425.00","LE 1,425.00",https://sheffieldegypt.com/products/diamond-goblet-glass-set-6-pieces-orange-250ml-glass
Flute Glass Set 6 Pieces - Blue - 120ml - Glass,"LE 1,285.00","LE 1,285.00",https://sheffieldegypt.com/products/flute-glass-set-6-pieces-blue-120ml-glass-1
Goblet Glass Set 6 Pieces - Green - 250ml - Glass,"LE 1,285.00","LE 1,285.00",https://sheffieldegypt.com/products/goblet-glass-set-6-pieces-green-250ml-glass-1
Flute Glass Set 6 Pieces - Green - 120ml- Glass,"LE 1,285.00","LE 1,285.00",https://sheffieldegypt.com/products/goblet-glass-set-6-pieces-green-250ml-glass
Goblet Glass Set 6 Pieces - Orange - 250ml - Glass,"LE 1,425.00","LE 1,425.00",https://sheffieldegypt.com/products/goblet-glass-set-6-pieces-orange-250ml-glass
Bohemia Crystal - Goblet Glass Set 6 Pieces 200ml - Grey - Crystal,"LE 1,035.00","LE 1,035.00",https://sheffieldegypt.com/products/bohemia-crystal-goblet-glass-set-6-pieces-200ml-grey-crystal
Bohemia Crystal - Flute Glass Set 6 Pieces 220ml - Blue - Crystal,"LE 1,035.00","LE 1,035.00",https://sheffieldegypt.com/products/bohemia-crystal-flute-glass-set-6-pieces-220ml-blue-crystal
Bohemia Crystal - Goblet  Glass Set 6 Pieces 250ml - Blue - Crystal,"LE 1,035.00","LE 1,035.00",https://sheffieldegypt.com/products/bohemia-crystal-goblet-glass-set-6-pieces-250ml-blue-crystal
Bohemia Crystal - Flute Glass Set 6 Pieces 180ml - Blue - Crystal,"LE 1,035.00","LE 1,035.00",https://sheffieldegypt.com/products/bohemia-crystal-flute-glass-set-6-pieces-180ml-blue-crystal
Bohemia Crystal - Cocktail Glass Set 6 Pieces 200ml - Blue - Crystal,"LE 1,035.00","LE 1,035.00",https://sheffieldegypt.com/products/bohemia-crystal-cocktail-glass-set-6-pieces-200ml-blue-crystal
Bohemia Crystal - Goblet  Glass Set 6 Pieces 230ml - Blue - Crystal,"LE 1,035.00","LE 1,035.00",https://sheffieldegypt.com/products/bohemia-crystal-goblet-glass-set-6-pieces-230ml-blue-crystal
Bohemia Crystal - Goblet  Glass Set 6 Pieces 230ml - Orange - Crystal,"LE 1,035.00","LE 1,035.00",https://sheffieldegypt.com/products/bohemia-crystal-goblet-glass-set-6-pieces-230ml-orange-crystal
Bohemia Crystal - Flute Glass Set 6 Pieces 190ml - Silver - Crystal,"LE 1,215.00","LE 1,215.00",https://sheffieldegypt.com/products/bohemia-crystal-flute-glass-set-6-pieces-190ml-silver-crystal
Bohemia Crystal - Goblet  Glass Set 6 Pieces 240ml - Silver - Crystal,"LE 1,215.00","LE 1,215.00",https://sheffieldegypt.com/products/bohemia-crystal-goblet-glass-set-6-pieces-240ml-silver-crystal
Bohemia Crystal - Flute Glass Set 6 Pieces 220ml - Silver - Crystal,"LE 1,215.00","LE 1,215.00",https://sheffieldegypt.com/products/bohemia-crystal-flute-glass-set-6-pieces-220ml-silver-crystal
Bohemia Crystal - Flute Glass Set 6 Pieces 180ml - Silver - Crystal,"LE 1,215.00","LE 1,215.00",https://sheffieldegypt.com/products/bohemia-crystal-flute-glass-set-6-pieces-180ml-silver-crystal
Bohemia Crystal - Cocktail Glass Set 6 Pieces 200ml - Silver - Crystal,"LE 1,215.00","LE 1,215.00",https://sheffieldegypt.com/products/bohemia-crystal-goblet-glass-set-6-pieces-200ml-silver-crystal
Bohemia Crystal - Cocktail Glass Set 6 Pieces 200ml - Gold - Crystal,"LE 1,215.00","LE 1,215.00",https://sheffieldegypt.com/products/bohemia-crystal-goblet-glass-set-6-pieces-200ml-gold-crystal
Bohemia Crystal - Goblet  Glass Set 6 Pieces 230ml - Silver - Crystal,"LE 1,215.00","LE 1,215.00",https://sheffieldegypt.com/products/bohemia-crystal-goblet-glass-set-6-pieces-230ml-silver-crystal
Bohemia Crystal - Goblet  Glass Set 6 Pieces 190ml - Silver - Crystal,"LE 1,215.00","LE 1,215.00",https://sheffieldegypt.com/products/bohemia-crystal-goblet-glass-set-6-pieces-190ml-silver-crystal
Bohemia Crystal - Goblet  Glass Set 6 Pieces 190ml - Gold - Crystal,"LE 1,215.00","LE 1,215.00",https://sheffieldegypt.com/products/bohemia-crystal-goblet-glass-set-6-pieces-190ml-gold-crystal
Bohemia Crystal - Flute Glass Set 6 Pieces 190ml - Gold - Crystal,"LE 1,215.00","LE 1,215.00",https://sheffieldegypt.com/products/bohemia-crystal-flute-glass-set-6-pieces-190ml-gold-crystal
Bohemia Crystal - Flute Glass Set 6 Pieces 220ml - Gold - Crystal,"LE 1,215.00","LE 1,215.00",https://sheffieldegypt.com/products/bohemia-crystal-flute-glass-set-6-pieces-220ml-gold-crystal
Bohemia Crystal - Brandy Glass Set 6 Pieces 400ml - Gold - Crystal,"LE 1,340.00","LE 1,340.00",https://sheffieldegypt.com/products/bohemia-crystal-brandy-glass-set-6-pieces-400ml-gold-crystal
Bohemia Crystal - Flute Glass Set 6 Pieces 190ml - Blue - Crystal,"LE 1,035.00","LE 1,035.00",https://sheffieldegypt.com/products/bohemia-crystal-flute-glass-set-6-pieces-190ml-blue-crystal
Bohemia Crystal - Goblet  Glass Set 6 Pieces 250ml - Gold - Crystal,"LE 1,215.00","LE 1,215.00",https://sheffieldegypt.com/products/bohemia-crystal-goblet-glass-set-6-pieces-250ml-gold-crystal
Bohemia Crystal - Goblet  Glass Set 6 Pieces 240ml - Gold - Crystal,"LE 1,080.00","LE 1,080.00",https://sheffieldegypt.com/products/bohemia-crystal-goblet-glass-set-6-pieces-240ml-gold-crystal
Bohemia Crystal - Brandy Glass Set 6 Pieces 400ml - Silver - Crystal,"LE 1,340.00","LE 1,340.00",https://sheffieldegypt.com/products/bohemia-crystal-brandy-glass-set-6-pieces-400ml-silver-crystal
Bohemia Crystal - Goblet  Glass Set 6 Pieces 250ml - Silver - Crystal,"LE 1,215.00","LE 1,215.00",https://sheffieldegypt.com/products/bohemia-crystal-goblet-glass-set-6-pieces-250ml-silver-crystal
Bohemia Crystal - Cocktail Glass Set 6 Pieces 285ml - Silver - Crystal,"LE 1,215.00","LE 1,215.00",https://sheffieldegypt.com/products/bohemia-crystal-cocktail-glass-set-6-pieces-285ml-silver-crystal
Bohemia Crystal - Cocktail Glass Set 6 Pieces 285ml - Gold - Crystal,"LE 1,215.00","LE 1,215.00",https://sheffieldegypt.com/products/bohemia-crystal-cocktail-glass-set-6-pieces-285ml-gold-crystal
Bohemia Crystal - Brandy Glass Set 6 Pieces 380ml  - Silver - Crystal,"LE 1,215.00","LE 1,215.00",https://sheffieldegypt.com/products/bohemia-crystal-brandy-glass-set-6-pieces-380ml-silver-crystal
Bohemia Crystal - Brandy Glass Set 6 Pieces 380ml  - Gold - Crystal,"LE 1,215.00","LE 1,215.00",https://sheffieldegypt.com/products/bohemia-crystal-brandy-glass-set-6-pieces-380ml-gold-crystal
La Maya - Dinner Set 60 Pieces - Gold - Porcelain,"LE 11,995.00","LE 11,995.00",https://sheffieldegypt.com/products/la-maya-dinner-set-60-pieces-gold-porcelain-7
La Maya - Dinner Set 60 Pieces - Beige & Gold - Porcelain,"LE 11,995.00","LE 11,995.00",https://sheffieldegypt.com/products/la-maya-dinner-set-60-pieces-beige-gold-porcelain-1
La Maya - Dinner Set 60 Pieces - Beige & Gold - Porcelain,"LE 11,995.00","LE 11,995.00",https://sheffieldegypt.com/products/la-maya-dinner-set-60-pieces-beige-gold-porcelain
La Maya - Dinner Set 60 Pieces - Gold - Porcelain,"LE 11,995.00","LE 11,995.00",https://sheffieldegypt.com/products/la-maya-dinner-set-60-pieces-gold-porcelain-6
La Maya - Dinner Set 60 Pieces - Gold - Porcelain,"LE 11,995.00","LE 11,995.00",https://sheffieldegypt.com/products/la-maya-dinner-set-60-pieces-gold-porcelain-2
La Maya - Dinner Set 60 Pieces - Gold - Porcelain,"LE 10,800.00","LE 10,800.00",https://sheffieldegypt.com/products/la-maya-dinner-set-60-pieces-gold-porcelain-1
La Maya - Dinner Set 60 Pieces - Gold - Porcelain,"LE 11,995.00","LE 11,995.00",https://sheffieldegypt.com/products/la-maya-dinner-set-60-pieces-gold-porcelain
La Maya - Dinner Set 60 Pieces Flowers Design  - Gold - Porcelain,"LE 11,995.00","LE 11,995.00",https://sheffieldegypt.com/products/la-maya-dinner-set-60-pieces-flowers-design-gold-porcelain
Bohemia Crystal - Brandy Glass Set 6 Pieces 380ml - Green - Crystal,"LE 1,035.00","LE 1,035.00",https://sheffieldegypt.com/products/bohemia-crystal-brandy-glass-set-6-pieces380ml-green-crystal
Bohemia Crystal - Goblet Glass Set 6 Pieces 190 ml - Green - Crystal,"LE 1,035.00","LE 1,035.00",https://sheffieldegypt.com/products/bohemia-crystal-goblet-glass-set-6-pieces-190ml-green-crystal
Bohemia Crystal - Flute Glass Set 6 Pieces 180ml - Green - Crystal,"LE 1,035.00","LE 1,035.00",https://sheffieldegypt.com/products/bohemia-crystal-flute-glass-set-6-pieces-180ml-green-crystal
Bohemia Crystal - Brandy Glass Set 6 Pieces - 400ml- Green-Crystal,"LE 1,035.00","LE 1,035.00",https://sheffieldegypt.com/products/bohemia-crystal-brandy-glass-set-6-pieces-400ml-green-crystal
Bohemia Crystal - Goblet Glass Set 6 Pieces - 250ml- Green-Crystal,"LE 1,035.00","LE 1,035.00",https://sheffieldegypt.com/products/bohemia-crystal-goblet-glass-set-6-pieces-250ml-green-crystal
Bohemia Crystal-Flute Glass Set 6 Pieces- 220ml- Green-Crystal,"LE 1,035.00","LE 1,035.00",https://sheffieldegypt.com/products/bohemia-crystal-flute-glass-set-6-pieces-220ml-green-crystal
Bohemia Crystal - Flute Glass Set 6 Pieces - Blue - 220ml - Crystal,"LE 1,035.00","LE 1,035.00",https://sheffieldegypt.com/products/bohemia-crystal-flute-glass-set-6-pieces-blue-220ml-crystal
Bohemia Crystal - Goblet Glass Set 6 Pieces - Orange - 250ml - Crystal,"LE 1,035.00","LE 1,035.00",https://sheffieldegypt.com/products/bohemia-crystal-goblet-glass-set-6-pieces-orange-250ml-crystal
Bohemia Crystal - Goblet Glass Set 6 Pieces - Green - 250ml - Crystal,"LE 1,035.00","LE 1,035.00",https://sheffieldegypt.com/products/bohemia-crystal-goblet-glass-set-6-pieces-green-250ml-crystal-1
Bohemia Crystal - Flute Glass Set 6 Pieces - Orange - 220ml - Crystal,"LE 1,035.00","LE 1,035.00",https://sheffieldegypt.com/products/bohemia-crystal-flute-glass-set-6-pieces-orange-220ml-crystal
Bohemia Crystal - Flute Glass Set 6 Pieces - Green - 220ml - Crystal,"LE 1,035.00","LE 1,035.00",https://sheffieldegypt.com/products/bohemia-crystal-flute-glass-set-6-pieces-green-220ml-crystal-1
Bohemia Crystal - Goblet Glass Set 6 Pieces - Green - 230ml - Crystal,"LE 1,035.00","LE 1,035.00",https://sheffieldegypt.com/products/bohemia-crystal-goblet-glass-set-6-pieces-green-230ml-crystal
Bohemia Crystal - Cocktail Glass Set 6 Pieces - Green - 200ml - Crystal,"LE 1,035.00","LE 1,035.00",https://sheffieldegypt.com/products/bohemia-crystal-cocktail-glass-set-6-pieces-green-200ml-crystal
Bohemia Crystal - Goblet Glass Set 6 Pieces - Orange - 240ml - Crystal,"LE 1,035.00","LE 1,035.00",https://sheffieldegypt.com/products/bohemia-crystal-goblet-glass-set-6-pieces-orange-240ml-crystal
Bohemia Crystal - Flute Glass Set 6 Pieces - Orange - 190ml - Crystal,"LE 1,035.00","LE 1,035.00",https://sheffieldegypt.com/products/bohemia-crystal-flute-glass-set-6-pieces-orange-190ml-crystal
Bohemia Crystal - Brandy Glass Set 6 Pieces - Orange - 400ml - Crystal,"LE 1,035.00","LE 1,035.00",https://sheffieldegypt.com/products/bohemia-crystal-brandy-glass-set-6-pieces-orange-400ml-crystal
Bohemia Crystal - Goblet Glass Set 6 Pieces - Green - 200ml - Crystal,"LE 1,035.00","LE 1,035.00",https://sheffieldegypt.com/products/bohemia-crystal-goblet-glass-set-6-pieces-green-200ml-crystal
Bohemia Crystal - Brandy Glass Set 6 Pieces - Blue - 400ml - Crystal,"LE 1,035.00","LE 1,035.00",https://sheffieldegypt.com/products/bohemia-crystal-brandy-glass-set-6-pieces-blue-400ml-crystal
Falkenporzellan - Dinner Set 112 Pieces - Gold - Porcelain,"LE 72,250.00","LE 72,250.00",https://sheffieldegypt.com/products/falkenporzellan-dinner-set-112-pieces-gold-porcelain
Falkenporzellan - Daily Use Dinner Set 112 Pieces - Silver - Porcelain,"LE 84,960.00","LE 84,960.00",https://sheffieldegypt.com/products/falkenporzellan-daily-use-dinner-set-112-pieces-silver-porcelain
Senzo - Daily Use Dinner Set 24 Pieces - Blue & White - Porcelain,"LE 3,950.00","LE 3,950.00",https://sheffieldegypt.com/products/senzo-daily-use-dinner-set-24-pieces-blue-white-porcelain
Senzo - Daily Use Dinner Set 24 Pieces - Red & White - Porcelain,"LE 3,950.00","LE 3,950.00",https://sheffieldegypt.com/products/senzo-daily-use-dinner-set-24-pieces-red-white-porcelain
Senzo - Hammered Daily use Dinner Set 24 Pieces - Gold - Porcelain,"LE 3,960.00","LE 3,960.00",https://sheffieldegypt.com/products/senzo-hammered-daily-use-dinner-set-24-pieces-gold-porcelain
Bohemia Crystal - Flute Glass Set 6 Pieces - Green - 180ml - Crystal,"LE 1,035.00","LE 1,035.00",https://sheffieldegypt.com/products/bohemia-crystal-flute-glass-set-6-pieces-green-180ml-crystal
Bohemia Crystal - Goblet Glass Set 6 Pieces - Green - 240ml - Crystal,"LE 1,035.00","LE 1,035.00",https://sheffieldegypt.com/products/bohemia-crystal-goblet-glass-set-6-pieces-green-240ml-crystal
Bohemia Crystal - Flute Glass Set 6 Pieces - Green - 190ml - Crystal,"LE 1,035.00","LE 1,035.00",https://sheffieldegypt.com/products/bohemia-crystal-flute-glass-set-6-pieces-green-190ml-crystal
Bohemia Crystal - Goblet Glass Set 6 Pieces - Green - 250ml - Crystal,"LE 1,035.00","LE 1,035.00",https://sheffieldegypt.com/products/bohemia-crystal-goblet-glass-set-6-pieces-green-250ml-crystal
Bohemia Crystal - Cocktail Glass Set 6 Pieces - Green - 285ml - Crystal,"LE 1,035.00","LE 1,035.00",https://sheffieldegypt.com/products/bohemia-crystal-cocktail-glass-set-6-pieces-green-285ml-crystal
Bohemia Crystal - Brandy Glass Set 6 Pieces - Grey - 400ml - Crystal,"LE 1,150.00","LE 1,150.00",https://sheffieldegypt.com/products/bohemia-crystal-brandy-glass-set-6-pieces-grey-400ml-crystal
Bohemia Crystal - Goblet Glass Set 6 Pieces - Grey - 240ml - Crystal,"LE 1,035.00","LE 1,035.00",https://sheffieldegypt.com/products/bohemia-crystal-goblet-glass-set-6-pieces-grey-240ml-crystal
Bohemia Crystal - Flute Glass Set 6 Pieces - Grey - 190ml - Crystal,"LE 1,150.00","LE 1,150.00",https://sheffieldegypt.com/products/bohemia-crystal-flute-glass-set-6-pieces-grey-190ml-crystal
Bohemia Crystal - Goblet Glass Set 6 Pieces - Grey - 250ml - Crystal,"LE 1,150.00","LE 1,150.00",https://sheffieldegypt.com/products/bohemia-crystal-goblet-glass-set-6-pieces-grey-250ml-crystal-1
Bohemia Crystal - Flute Glass Set 6 Pieces - Grey - 220ml - Crystal,"LE 1,035.00","LE 1,035.00",https://sheffieldegypt.com/products/bohemia-crystal-flute-glass-set-6-pieces-grey-220ml-crystal
Bohemia Crystal - Goblet Glass Set 6 Pieces - Grey - 190ml - Crystal,LE 925.00,LE 925.00,https://sheffieldegypt.com/products/bohemia-crystal-goblet-glass-set-6-pieces-grey-190ml-crystal
Bohemia Crystal - Goblet Glass Set 6 Pieces - Grey - 250ml - Crystal,"LE 1,150.00","LE 1,150.00",https://sheffieldegypt.com/products/bohemia-crystal-goblet-glass-set-6-pieces-grey-250ml-crystal
Bohemia Crystal - Goblet Glass Set 6 Pieces - Grey - 230ml - Crystal,"LE 1,150.00","LE 1,150.00",https://sheffieldegypt.com/products/senzo-goblet-glass-set-6-pieces-grey-230ml-crystal
Bohemia Crystal - Flute Glass Set 6 Pieces - Grey - 180ml - Crystal,"LE 1,150.00","LE 1,150.00",https://sheffieldegypt.com/products/bohemia-crystal-flute-glass-set-6-pieces-grey-180ml
Borcam - Round Soup Warmer with Handles - 2.10 Lit - Black Plated Metal & Tempered Glass,LE 950.00,LE 950.00,https://sheffieldegypt.com/products/borcam-round-soup-warmer-with-handles-2-10-lit-black-plated-metal-tempered-glass
Senzo - Sway Daily Use Dinner Set 25 Pieces - Blue - Porcelain,"LE 3,925.00","LE 3,925.00",https://sheffieldegypt.com/products/senzo-sway-daily-use-dinner-set-25-pieces-blue-porcelain
Senzo - Hammered Daily Use Dinner Set 24 Pieces - White - Porcelain,"LE 2,760.00","LE 2,760.00",https://sheffieldegypt.com/products/senzo-hammered-daily-use-dinner-set-24-pieces-white-porcelain
Risoli - Rectangular Grill with Foldable Handles - Black - 50cm - Cast Iron,"LE 4,100.00","LE 4,100.00",https://sheffieldegypt.com/products/risoli-rectangular-grill-with-foldable-handles-black-50cm-44000417
Irena Crystal - Decorated Crystal Dessert Set 7 Pieces,"LE 2,950.00","LE 2,950.00",https://sheffieldegypt.com/products/bohemia-crystal-decorated-crystal-dessert-set-7-pieces-2700011105
Bohemia Crysal - Square Footed Crystal Ashtray - 18cm,"LE 2,635.00","LE 2,635.00",https://sheffieldegypt.com/products/bohemia-crysal-square-crystal-ashtray-with-base-18cm-2700010760
Bohemia Crystal - Square Goblet Glass Set 6 Pieces - 270ml - 503 PK Crystal,"LE 2,025.00","LE 2,025.00",https://sheffieldegypt.com/products/bohemia-crystal-square-goblet-glass-set-6-pieces-270ml-crystal-2700010168
Bohemia Crystal - Round Crystal Ashtray - 13cm,"LE 4,355.00","LE 4,355.00",https://sheffieldegypt.com/products/bohemia-crystal-round-crystal-ashtray-13cm-2700010079
Bohemia Crystal - Round Crystal Ashtray - 18cm,"LE 8,450.00","LE 8,450.00",https://sheffieldegypt.com/products/bohemia-crystal-round-crystal-ashtray-18cm-2700010075
Bohemia Crystal - Goblet Glass Set 6 Pieces - Gold - 185ml - Crystal,"LE 1,105.00","LE 1,105.00",https://sheffieldegypt.com/products/bohemia-crystal-goblet-glass-set-6-pieces-gold-185ml-crystal-39000800
Bohemia Crystal - Goblet Glass Set 6 Pieces - Silver - 185ml - Crystal,"LE 1,105.00","LE 1,105.00",https://sheffieldegypt.com/products/bohemia-crystal-goblet-glass-set-6-pieces-silver-185ml-crystal-39000799
Senzo - Small Lasagna Platter - White - Porcelain - 27x14cm,LE 300.00,LE 300.00,https://sheffieldegypt.com/products/senzo-small-lasagna-platter-white-porcelain-27x14cm-520001197
Senzo - Large Lasagna Platter - White - Porcelain - 32x16cm,LE 355.00,LE 355.00,https://sheffieldegypt.com/products/senzo-large-lasagna-platter-white-porcelain-32x16cm-520001196
Senzo - S Shaped Serving Platter - White - Porcelain - 51x19cm,LE 475.00,LE 475.00,https://sheffieldegypt.com/products/senzo-s-shaped-serving-platter-white-porcelain-51x19cm-520001193
Senzo - Deep S Shaped Serving Plate - White - Porcelain - 45x14cm - 5210380002,LE 475.00,LE 475.00,https://sheffieldegypt.com/products/senzo-deep-s-shaped-serving-plate-white-porcelain-45x14cm-520001192
Senzo - Deep S Shaped Serving Plate - White - Porcelain - 55x23cm,LE 715.00,LE 715.00,https://sheffieldegypt.com/products/senzo-deep-s-shaped-serving-plate-white-porcelain-55x23cm-520001191
Falkenporzellan - Dinner Set 59 Pieces - Black & Gold - Porcelain,"LE 94,310.00","LE 94,310.00",https://sheffieldegypt.com/products/falkenporzellan-dinner-set-59-pieces-black-gold-porcelain-13000122
Falkenporzellan - Dinner Set 112 Pieces - Black & Gold - Porcelain,"LE 144,460.00","LE 144,460.00",https://sheffieldegypt.com/products/falkenporzellan-dinner-set-112-pieces-black-gold-porcelain-13000121
Falkenporzellan - Dinner Set 59 Pieces - Gold - Porcelain,"LE 110,950.00","LE 110,950.00",https://sheffieldegypt.com/products/falkenporzellan-dinner-set-112-pieces-gold-porcelain-13000120
Falkenporzellan - Dinner Set 112 Pieces - Gold - Porcelain,"LE 169,950.00","LE 169,950.00",https://sheffieldegypt.com/products/falkenporzellan-dinner-set-112-pieces-gold-porcelain-13000119
Falkenporzellan - Dinner Set 59 Pieces - Blue & Gold - Porcelain,"LE 88,760.00","LE 88,760.00",https://sheffieldegypt.com/products/falkenporzellan-dinner-set-59-pieces-blue-gold-porcelain-13000118
Falkenporzellan - Dinner Set 112 Pieces - Blue & Gold - Porcelain,"LE 135,960.00","LE 135,960.00",https://sheffieldegypt.com/products/falkenporzellan-dinner-set-112-pieces-blue-gold-porcelain-13000117
Falkenporzellan - Dinner Set 59 Pieces - Orange & Gold & Blue - Porcelain,"LE 107,960.00","LE 107,960.00",https://sheffieldegypt.com/products/falkenporzellan-dinner-set-59-pieces-orange-gold-blue-porcelain-13000116
Falkenporzellan - Dinner Set 112 Pieces - Orange & Gold & Blue - Porcelain,"LE 179,055.00","LE 179,055.00",https://sheffieldegypt.com/products/falkenporzellan-dinner-set-112-pieces-orange-gold-blue-porcelain-13000115
Falkenporzellan - Dinner Set 112 Pieces - Silver - Porcelain,"LE 80,950.00","LE 80,950.00",https://sheffieldegypt.com/products/falkenporzellan-dinner-set-112-pieces-silver-porcelain-1300093
Falkenporzellan - Dinner Set 59 Pieces - Blue & Gold - Porcelain,"LE 146,750.00","LE 146,750.00",https://sheffieldegypt.com/products/falkenporzellan-dinner-set-59-pieces-blue-gold-porcelain-1300015
Falkenporzellan - Dinner Set 59 Pieces - Gold - Porcelain,"LE 109,500.00","LE 109,500.00",https://sheffieldegypt.com/products/falkenporzellan-dinner-set-59-pieces-gold-porcelain-130003
Borcam - Rectangular Food Warmer with Handles - 3.85 Lit - Gold Plated Metal & Tempered Glass,"LE 1,020.00","LE 1,020.00",https://sheffieldegypt.com/products/borcam-rectangular-food-warmer-with-handles-3-85-lit-gold-plated-metal-tempered-glass
Borcam - Round Food Warmer with Handles - 2.95 Lit - Gold Plated Metal & Tempered Glass,LE 980.00,LE 980.00,https://sheffieldegypt.com/products/borcam-round-food-warmer-with-handles-2-95-lit-gold-plated-metal-tempered-glass
Borcam - Round Soup Warmer with Lid & Handles - 3.15 Lit - Gold Plated Metal & Tempered Glass,"LE 1,065.00","LE 1,065.00",https://sheffieldegypt.com/products/borcam-round-soup-warmer-with-lid-handles-3-15-lit-gold-plated-metal-tempered-glass
Pasabahce - Goblet Glass Set 4 Pieces - 340ml - Glass,LE 595.00,LE 595.00,https://sheffieldegypt.com/products/pasabahce-goblet-glass-set-4-pieces-340ml-glass-390005139
Pasabahce - Highball Glass Set 6 Pieces - 360ml - Glass,LE 220.00,LE 220.00,https://sheffieldegypt.com/products/pasabahce-highball-glass-set-6-pieces-360ml-glass-390005132
Pasabahce - Tumbler Glass Set 6 Pieces - 315ml - Glass,LE 235.00,LE 235.00,https://sheffieldegypt.com/products/pasabahce-tumbler-glass-set-6-pieces-315ml-glass-390005131
Pasabahce - Tumbler Glass Set 4 Pieces - 350ml - Glass,LE 595.00,LE 595.00,https://sheffieldegypt.com/products/pasabahce-tumbler-glass-set-4-pieces-350ml-glass-390005108
Pasabahce - Tumbler Glass Set 6 Pieces - 355ml - Glass,LE 915.00,LE 915.00,https://sheffieldegypt.com/products/pasabahce-tumbler-glass-set-4-pieces-355ml-glass-390005107
Pasabahce - Highball Glass Set 4 Pieces - 345ml - Glass,LE 495.00,LE 495.00,https://sheffieldegypt.com/products/pasabahce-highball-glass-set-4-pieces-345ml-glass-390005105
Pasabahce -  Tumbler Glass Set 4 Pieces - 300ml - Glass,LE 495.00,LE 495.00,https://sheffieldegypt.com/products/pasabahce-tumbler-glass-set-6-pieces-300ml-glass-390005104
Senzo - Daily use Dinner Set 24 Pieces - Silver - Porcelain,"LE 4,595.00","LE 4,595.00",https://sheffieldegypt.com/products/senzo-daily-use-dinner-set-24-pieces-silver-porcelain
Senzo - Daily use Dinner Set 24 Pieces - Green & White - Porcelain,"LE 3,950.00","LE 3,950.00",https://sheffieldegypt.com/products/senzo-daily-use-dinner-set-24-pieces-green-white-porcelain-1
Bohemia Crystal - Flute Glass Set 6 Pieces - 150ml - 2700010185,LE 655.00,LE 655.00,https://sheffieldegypt.com/products/bohemia-crystal-flute-glass-set-6-pieces-150ml-2700010185
Bohemia Crystal - Tumbler Glass Set 6 Pieces - Silver & Gold - 290ml,"LE 1,285.00","LE 1,285.00",https://sheffieldegypt.com/products/bohemia-crystal-tumbler-glass-set-6-pieces-silver-gold-290ml-2700010030
Pasabahce - Decorated Highball & Tumbler Glass Set 12 Pieces - Gold - 340&250ml - Glass,LE 995.00,LE 995.00,https://sheffieldegypt.com/products/pasabahce-decorated-highball-tumbler-glass-set-12-pieces-gold-340-250ml-glass-390005024
Pasabahce - Decorated Goblet Glass Set 6 Pieces - Silver - 195ml - Glass,LE 570.00,LE 570.00,https://sheffieldegypt.com/products/pasabahce-decorated-goblet-glass-set-6-pieces-silver-195ml-glass-390005055
Pasabahce - Decorated Goblet Glass Set 6 Pieces - Gold - 195ml - Glass,LE 825.00,LE 825.00,https://sheffieldegypt.com/products/pasabahce-decorated-goblet-glass-set-6-pieces-gold-195ml-glass-390005054
Pasabahce - Decorated Goblet Glass Set 6 Pieces - 195ml - Glass,LE 495.00,LE 495.00,https://sheffieldegypt.com/products/pasabahce-decorated-goblet-glass-set-6-pieces-195ml-glass-390005053
Pasabahce - Decorated Flute Glass Set 6 Pieces - Silver - 180ml - Glass,LE 570.00,LE 570.00,https://sheffieldegypt.com/products/pasabahce-decorated-flute-glass-set-6-pieces-silver-180ml-glass-390005058
Pasabahce - Decorated Flute Glass Set 6 Pieces - Gold - 180ml - Glass,LE 825.00,LE 825.00,https://sheffieldegypt.com/products/pasabahce-decorated-flute-glass-set-6-pieces-gold-180ml-glass-390005057
Pasabahce - Decorated Flute Glass Set 6 Pieces - 180ml - Glass,LE 495.00,LE 495.00,https://sheffieldegypt.com/products/pasabahce-decorated-flute-glass-set-6-pieces-180ml-glass-390005056
RAK - Rectangular Food Warmer with Handles - 20cm - White - 770001130,LE 775.00,LE 775.00,https://sheffieldegypt.com/products/rak-rectangular-food-warmer-with-handles-20cm-white-770001130
Bohemia Crystal - Round Crytal Box - Gold & Floral Design - 27x17cm - 270008278,"LE 6,950.00","LE 6,950.00",https://sheffieldegypt.com/products/bohemia-crystal-round-crytal-box-gold-floral-design-27x17cm-270008278
Bohemia Crystal - Round Crystal Box - Gold & Floral Design - 30x20cm - 270008251,"LE 8,950.00","LE 8,950.00",https://sheffieldegypt.com/products/bohemia-crystal-round-crystal-box-gold-floral-design-30x20cm-270008251
Bohemia Crystal - Flute Glass Set 6 Pieces - 180ml - Crystal,"LE 1,035.00","LE 1,035.00",https://sheffieldegypt.com/products/bohemia-crystal-flute-glass-set-6-pieces-180ml-3900010039
Bohemia Crystal - Crystal Decanter - Gold - 1 Liter,"LE 6,595.00","LE 6,595.00",https://sheffieldegypt.com/products/bohemia-crystal-crystal-decanter-gold-1-liter-270004384
Bohemia Crystal - Goblet Glass Set 6 Pieces with Gold Rim - Orange - 200ml - Crystal,"LE 1,340.00","LE 1,340.00",https://sheffieldegypt.com/products/bohemia-crystal-goblet-glass-set-6-pieces-with-gold-rim-orange-200ml
Bohemia Crystal - Flute Glass Set 6 Pieces with Gold Rim - Orange - 275ml - Crystal,"LE 1,340.00","LE 1,340.00",https://sheffieldegypt.com/products/bohemia-crystal-flute-glass-set-6-pieces-with-gold-rim-orange-200ml-3900010162
Bohemia Crystal - Goblet Glass Set 6 Pieces with Gold Rim - Orange - 250ml - Crystal,"LE 1,215.00","LE 1,215.00",https://sheffieldegypt.com/products/bohemia-crystal-goblet-glass-set-6-pieces-with-gold-rim-orange-250ml-3900010161
Bohemia Crystal - Square Crystal Vase - 35cm,"LE 2,520.00","LE 2,520.00",https://sheffieldegypt.com/products/bohemia-crystal-square-crystal-vase-35cm-270006844
Bohemia Crystal - Square Crystal Vase - 30.5cm,"LE 2,025.00","LE 2,025.00",https://sheffieldegypt.com/products/bohemia-crystal-square-crystal-vase-30-5cm
Decorated Glass Vase with Base - Glass - 29x19cm,"LE 1,225.00","LE 1,225.00",https://sheffieldegypt.com/products/decorated-glass-vase-with-base-glass-29x19cm-270005617
Pasabahce - Glass Set 24 Pieces - Gold - Glass,"LE 2,070.00","LE 2,070.00",https://sheffieldegypt.com/products/pasabahce-glass-set-2
Glass Set 38 Pieces - Gold - Crystal & Glass,"LE 3,995.00","LE 3,995.00",https://sheffieldegypt.com/products/glass-set-38-pieces-gold-crystal-glass-39000808
Pasabahce - Decorated Highball & Tumbler Glass 12 Pieces - Gold - Glass - 340ml&250ml,"LE 1,260.00","LE 1,260.00",https://sheffieldegypt.com/products/pasabahce-decorated-highball-tumbler-glass-12-pieces-gold-glass-340ml-250ml
Round Glass Box with Feet - 18.5cm - Glass,LE 995.00,LE 995.00,https://sheffieldegypt.com/products/round-glass-box-with-feet-18-5cm-glass-270002574
Pasabahce - Decorated Goblet Glass Set 6 Pieces - Silver - 205ml - Glass,LE 570.00,LE 570.00,https://sheffieldegypt.com/products/pasabahce-decorated-goblet-glass-set-6-pieces-silver-205ml-glass-390005049
Pasabahce - Decorated Goblet Glass Set 6 Pieces - Gold - 205ml - Glass,LE 570.00,LE 570.00,https://sheffieldegypt.com/products/pasabahce-decorated-goblet-glass-set-6-pieces-gold-205ml-glass-390005048
Pasabahce - Decorated Flute Glass Set 6 Pieces - Silver - 150ml - Glass,LE 570.00,LE 570.00,https://sheffieldegypt.com/products/pasabahce-decorated-flute-glass-set-6-pieces-silver-150ml-glass-390005046
Pasabahce - Decorated Flute Glass Set 6 Pieces - Gold - 150ml - Glass,LE 570.00,LE 570.00,https://sheffieldegypt.com/products/pasabahce-decorated-flute-glass-set-6-pieces-gold-150ml-glass-390005045
Pasabahce - Decorated Goblet Glass Set 6 Pieces - Silver - 200ml - Glass,LE 825.00,LE 825.00,https://sheffieldegypt.com/products/pasabahce-decorated-flute-glass-set-6-pieces-silver-200ml-glass-390005043
Pasabahce - Decorated Glass Set 6 Pieces - Gold - 200ml - Glass - 390005042,LE 825.00,LE 825.00,https://sheffieldegypt.com/products/pasabahce-decorated-glass-set-6-pieces-gold-200ml-glass-390005042
Pasabahce - Decorated Flute Glass Set 6 Pieces - Silver - 175ml - Glass,LE 570.00,LE 570.00,https://sheffieldegypt.com/products/pasabahce-decorated-flute-glass-set-6-pieces-silver-175ml-glass-390005040
Pasabahce - Decorated Flute Glass Set 6 Pieces - Gold - 175ml - Glass,LE 570.00,LE 570.00,https://sheffieldegypt.com/products/pasabahce-decorated-flute-glass-set-6-pieces-gold-175ml-glass-390005039
Pasabahce - Decorated Goblet Glass Set 6 Pieces - 205ml - Glass,LE 495.00,LE 495.00,https://sheffieldegypt.com/products/pasabahce-decorated-goblet-glass-set-6-pieces-205ml-glass-390005047
Pasabahce - Decorated Flute Glass Set 6 Pieces - 150ml - Glass,LE 495.00,LE 495.00,https://sheffieldegypt.com/products/pasabahce-decorated-flute-glass-set-6-pieces-150ml-glass-390005044
Pasabahce - Decorated Goblet Glass Set 6 Pieces - 175ml - Glass,LE 495.00,LE 495.00,https://sheffieldegypt.com/products/pasabahce-decorated-goblet-glass-set-6-pieces-175ml-390005041
Pasabahce - Decorated Flute Glass Set 6 Pieces - 175ml - Glass,LE 495.00,LE 495.00,https://sheffieldegypt.com/products/pasabahce-decorated-flute-glass-set-6-pieces-175ml-glass-390005038
Pasabahce - Decorated Highball & Tumbler Glass Set 12 Pieces - Gold - 310&200ml - Glass,LE 750.00,LE 750.00,https://sheffieldegypt.com/products/pasabahce-decorated-highball-tumbler-glass-set-12-pieces-gold-310-200ml-glass-3910530027
Pasabahce - Decorated Highball & Tumbler Glass Set 12 Pieces - Silver - 310&200ml - Glass,LE 995.00,LE 995.00,https://sheffieldegypt.com/products/pasabahce-decorated-highball-tumbler-glass-set-12-pieces-silver-310-200ml-glass-390005030
Pasabahce - Decorated Highball & Tumbler Glass Set 12 Pieces - Silver - 370&200ml - Glass,LE 750.00,LE 750.00,https://sheffieldegypt.com/products/pasabahce-decorated-highball-tumbler-glass-set-12-pieces-silver-370-200ml-glass-3910530019
Pasabahce - Decorated Highball & Tumbler Glass Set 12 Pieces - Gold - 370&200ml - Glass,LE 750.00,LE 750.00,https://sheffieldegypt.com/products/pasabahce-decorated-highball-tumbler-glass-set-12-pieces-gold-370-200ml-glass-3910530020
Pasabahce - Decorated Highball & Tumbler Glass Set 12 Pieces - Silver - 305&250ml - Glass,LE 750.00,LE 750.00,https://sheffieldegypt.com/products/pasabahce-decorated-highball-tumbler-glass-set-12-pieces-silver-305-250ml-glass-3910530021
Pasabahce - Decorated Highball & Tumbler Glass Set 12 Pieces - Gold - 305&250ml - Glass,LE 750.00,LE 750.00,https://sheffieldegypt.com/products/pasabahce-decorated-highball-tumbler-glass-set-12-pieces-gold-305-250ml-glass-3910530022
Pasabahce - Decorated Highball & Tumbler Glass Set 12 Pieces - Gold - 305&205ml - Glass,"LE 1,100.00","LE 1,100.00",https://sheffieldegypt.com/products/pasabahce-decorated-highball-tumbler-glass-set-12-pieces-gold-305-205ml-glass-3910530017
Pasabahce - Decorated Highball & Tumbler Glass Set 12 Pieces - Silver - 305&205ml - Glass,LE 750.00,LE 750.00,https://sheffieldegypt.com/products/pasabahce-decorated-highball-tumbler-glass-set-12-pieces-silver-305-205ml-glass-3910530018
Pasabahce - Decorated Highball & Tumbler Glass Set 12 Pieces - 305&250ml - Glass,LE 950.00,LE 950.00,https://sheffieldegypt.com/products/pasabahce-decorated-highball-tumbler-glass-set-12-pieces-305-250ml-glass-3910530026
Pasabahce - Decorated Highball & Tumbler Glass Set 12 Pieces - 340&250ml - Glass,LE 795.00,LE 795.00,https://sheffieldegypt.com/products/pasabahce-decorated-highball-tumbler-glass-set-12-pieces-340-250ml-glass-390005021
Pasabahce - Decorated Highball & Tumbler Glass Set 12 Pieces - 305&205ml - Glass,LE 795.00,LE 795.00,https://sheffieldegypt.com/products/pasabahce-decorated-highball-tumbler-glass-set-12-pieces-305-205ml-glass-390005018
Borcam Round Soup Warmer with Cover & Handles - 3.15 Lit - Silver Plated Metal & Tempered Glass,LE 960.00,LE 960.00,https://sheffieldegypt.com/products/borcam-round-soup-warmer-with-cover-handles-3-15-lit-silver-plated-metal-tempered-glass-80007012
Borcam - Rectangular Food Warmer with Handles - 3.85 Lit - Silver Plated Metal & Tempered Glass,LE 935.00,LE 935.00,https://sheffieldegypt.com/products/borcam-rectangular-food-warmer-with-handles-3-85-lit-silver-plated-metal-tempered-glass-80007015
Borcam Square Food Warmer with Handles - 3.2 Lit - Silver Plated Metal & Tempered Glass,LE 810.00,LE 810.00,https://sheffieldegypt.com/products/borcam-square-food-warmer-with-handles-3-2-lit-silver-plated-metal-tempered-glass-80007014
Borcam Round Food Warmer with Handles - 2.95 Lit - Silver Plated Metal & Temepered Glass,LE 795.00,LE 795.00,https://sheffieldegypt.com/products/borcam-round-food-warmer-2-95-lit-silver-plated-metal-temepered-glass-80007013
Borcam - Rectangular Food Warmer with Handles - 2.75 Lit - Silver Plated Metal & Tempered Glass,"LE 1,265.00","LE 1,265.00",https://sheffieldegypt.com/products/borcam-rectangular-food-warmer-2-75-lit-silver-plated-metal-tempered-glass-80007011
Round Tray with Feet - Silver - 23cm - Silver Plated Metal,LE 725.00,LE 725.00,https://sheffieldegypt.com/products/round-tray-with-feet-silver-23cm-silver-plated-metal-80005717
Noritake - Daily Use Dinner Set 40 Pieces - Beige & Gold - Porcelain,"LE 14,995.00","LE 14,995.00",https://sheffieldegypt.com/products/noritake-daily-use-dinner-set-40-pieces-beige-with-gold-rim-porcelain-130004139
Noritake - Daily Use Dinner Set 40 Pieces - White - Porcelain,"LE 9,495.00","LE 9,495.00",https://sheffieldegypt.com/products/noritake-daily-use-dinner-set-40-pieces-white-porcelain-130004136
Noritake - Daily Use Dinner Set 40 Pieces - Beige - Porcelain,"LE 11,495.00","LE 11,495.00",https://sheffieldegypt.com/products/noritake-daily-use-dinner-set-40-pieces-beige-porcelain-130004135
Noritake - Daily Use Dinner Set 40 Pieces - Beige - Porcelain,"LE 9,995.00","LE 9,995.00",https://sheffieldegypt.com/products/noritake-daily-use-dinner-set-40-pieces-beige-porcelain-130004133
Noritake - Daily Use Dinner Set 40 Pieces - Light Green - Porcelain,"LE 9,995.00","LE 9,995.00",https://sheffieldegypt.com/products/noritake-daily-use-dinner-set-40-pieces-light-green-porcelain-130004131
"Bohemia Crystal - Flute Diamond Glass Set 6 Pieces - Orange,Blue & Gold - 120ml - Crystal","LE 1,550.00","LE 1,550.00",https://sheffieldegypt.com/products/bohemia-crystal-flute-diamond-glass-set-with-gold-rim-6-pieces-orange-blue-120ml-270006757
Bohemia Crystal - Flute Diamond Glass Set 6 Pieces - 120ml - Orange & Gold - Crystal,"LE 2,655.00","LE 2,655.00",https://sheffieldegypt.com/products/bohemia-crystal-flute-diamond-glass-set-6-pieces-120ml-orange-gold-270006796
Bohemia Crystal - Crystal Bowl Set with Feet 7 Pieces - 270005031,"LE 16,500.00","LE 16,500.00",https://sheffieldegypt.com/products/bohemia-crystal-crystal-bowl-set-with-feet-7-pieces-270005031
Bohemia Crystal - Cocktail Glass Set 6 Pieces - 200ml - 270005041,"LE 6,595.00","LE 6,595.00",https://sheffieldegypt.com/products/bohemia-crystal-cocktail-glass-set-6-pieces-200ml-270005041
Bohemia Crystal - Flute Glass Set 6 Pieces - 150ml - 270005040,"LE 6,500.00","LE 6,500.00",https://sheffieldegypt.com/products/bohemia-crystal-flute-glass-set-6-pieces-150ml-270005040
Bohemia Crystal - Highball Glass Set 6 Pieces with Silver Rim - 280ml - Crystal,"LE 2,125.00","LE 2,125.00",https://sheffieldegypt.com/products/bohemia-crystal-highball-glass-set-6-pieces-with-silver-rim-280ml-270006820
Bohemia Crystal - Highball Glass Set 6 Pieces with Gold Rim - 280ml - Crystal,"LE 1,575.00","LE 1,575.00",https://sheffieldegypt.com/products/bohemia-crystal-highball-glass-set-6-pieces-with-gold-rim-280ml-270006819
Bohemia Crystal - Tumbler Glass Set 6 Pieces with Silver Rim - 250ml - Crystal,"LE 2,125.00","LE 2,125.00",https://sheffieldegypt.com/products/bohemia-crystal-tumbler-glass-set-6-pieces-with-silver-rim-250ml-270006817
Drink Set 7 Pieces - Decorated Glass,LE 875.00,LE 875.00,https://sheffieldegypt.com/products/drink-set-7-pieces-decorated-glass-270005604
Chinelli - Rectangular Tray with Handles - Silver - 50x35cm - Stainless Steel - 75000512,"LE 5,750.00","LE 5,750.00",https://sheffieldegypt.com/products/chinelli-rectangular-tray-with-handles-silver-50x35cm-stainless-steel-75000512
Elegant Gioiel - Rectangular Tray Set with Handles 3 Pieces - Gold - Stainless Steel 18/10,"LE 7,950.00","LE 7,950.00",https://sheffieldegypt.com/products/elegant-gioiel-rectangular-tray-set-with-handles-3-pieces-gold-stainless-steel-18-10-75000300
Mepra - Daily Use Cutlery Set 24 Pieces - Stainless Steel 18/10,"LE 4,600.00","LE 4,600.00",https://sheffieldegypt.com/products/mepra-daily-use-cutlery-set-24-pieces-stainless-steel-18-10-100002158
Mepra - Daily Use Cutlery Set 24 Pieces - Stainless Steel 18/10,"LE 4,600.00","LE 4,600.00",https://sheffieldegypt.com/products/mepra-daily-use-cutlery-set-24-pieces-stainless-steel-18-10-100002157
Mepra - Cutlery Set 87 Pieces with Gold Rim - Stainless Steel 18/10,"LE 53,500.00","LE 53,500.00",https://sheffieldegypt.com/products/mepra-cutlery-set-87-pieces-with-gold-rim-stainless-steel-18-10-100002033
Bohemia Crystal - Highball Glass Set 6 Pieces with Gold Rim - Orange - 320ml - Crystal,"LE 1,350.00","LE 1,350.00",https://sheffieldegypt.com/products/bohemia-crystal-highball-glass-set-6-pieces-with-gold-rim-orange-320ml-3900010156
Bohemia Crystal - Tumbler Glass Set 6 Pieces with Gold Rim - Orange - 210ml - Crystal,"LE 1,485.00","LE 1,485.00",https://sheffieldegypt.com/products/bohemia-crystal-tumbler-glass-set-6-pieces-with-gold-rim-orange-210ml-3900010154
Bohemia Crystal - Flute Glass Set 6 Pieces with Gold Rim - 150ml - Crystal,"LE 1,100.00","LE 1,100.00",https://sheffieldegypt.com/products/bohemia-crystal-flute-glass-set-6-pieces-with-gold-rim-150ml-3900010148
Bohemia Crystal - Flute Glass Set 6 Pieces with Silver Rim - 220ml - Crystal,"LE 1,215.00","LE 1,215.00",https://sheffieldegypt.com/products/bohemia-crystal-flute-glass-set-6-pieces-with-gold-rim-220ml-3900010145
Bohemia Crystal - Flute Glass Set 6 Pieces with Gold Rim - 180ml - Crystal,"LE 1,215.00","LE 1,215.00",https://sheffieldegypt.com/products/bohemia-crystal-flute-glass-set-6-pieces-with-gold-rim-180ml-3900010126
Bohemia Crystal - Goblet Glass Set 6 Pieces with Silver Rim - 250ml - Crystal,"LE 1,215.00","LE 1,215.00",https://sheffieldegypt.com/products/bohemia-crystal-goblet-glass-set-6-pieces-with-silver-rim-250ml-3900010125
Bohemia Crystal - Flute Glass Set 6 Pieces with Silver Rim - 220ml - Crystal,"LE 1,215.00","LE 1,215.00",https://sheffieldegypt.com/products/bohemia-crystal-flute-glass-set-6-pieces-with-silver-rim-220ml-3900010124
Bohemia Crystal - Goblet Glass Set 6 Pieces - Orange - 190ml - Crystal,"LE 1,035.00","LE 1,035.00",https://sheffieldegypt.com/products/bohemia-crystal-goblet-glass-set-6-pieces-orange-190ml-3900010108
Bohemia Crystal - Goblet Glass Set 6 Pieces - Blue - 190ml - Crystal,"LE 1,035.00","LE 1,035.00",https://sheffieldegypt.com/products/bohemia-crystal-goblet-glass-set-6-pieces-blue-190ml-3900010107
Bohemia Crystal - Flute Glass Set 6 Pieces - Grey - 180ml - Crystal,"LE 1,035.00","LE 1,035.00",https://sheffieldegypt.com/products/bohemia-crystal-flute-glass-set-6-pieces-grey-180ml-3900010106
Bohemia Crystal - Flute Glass Set 6 Pieces - Orange - 180ml - Crystal,"LE 1,035.00","LE 1,035.00",https://sheffieldegypt.com/products/bohemia-crystal-flute-glass-set-6-pieces-orange-180ml-3900010105
Bohemia Crystal - Flute Glass Set 6 Pieces - Blue - 180ml - Crystal,"LE 1,035.00","LE 1,035.00",https://sheffieldegypt.com/products/bohemia-crystal-flute-glass-set-6-pieces-blue-180ml-3900010104
Bohemia Crystal - Goblet Glass Set 6 Pieces - Orange - 185ml - Crystal,"LE 1,035.00","LE 1,035.00",https://sheffieldegypt.com/products/bohemia-crystal-goblet-glass-set-6-pieces-with-curved-base-orange-185ml-3900010102
Bohemia Crystal - Cocktail Glass Set 6 Pieces - Grey - 200ml - Crystal,"LE 1,035.00","LE 1,035.00",https://sheffieldegypt.com/products/bohemia-crystal-cocktail-glass-set-6-pieces-grey-200ml-3900010094
Bohemia Crystal - Cocktail Glass Set 6 Pieces - Orange - 200ml - Crystal,"LE 1,035.00","LE 1,035.00",https://sheffieldegypt.com/products/bohemia-crystal-cocktail-glass-set-6-pieces-orange-200ml-3900010093
Bohemia Crystal - Flute Glass Set 6 Pieces - Orange - 180ml - Crystal,"LE 1,035.00","LE 1,035.00",https://sheffieldegypt.com/products/bohemia-crystal-flute-glass-set-6-pieces-orange-180ml-3900010090
Bohemia Crystal - Goblet Glass Set 6 Pieces - Grey - 250ml - Crystal,"LE 1,150.00","LE 1,150.00",https://sheffieldegypt.com/products/bohemia-crystal-goblet-glass-set-6-pieces-grey-250ml-3900010088
Bohemia Crystal - Goblet Glass Set 6 Pieces - Orange - 250ml - Crystal,"LE 1,035.00","LE 1,035.00",https://sheffieldegypt.com/products/bohemia-crystal-goblet-glass-set-6-pieces-orange-250ml-3900010087
Bohemia Crystal - Flute Glass Set 6 Pieces - Grey - 220ml - Crystal,"LE 1,035.00","LE 1,035.00",https://sheffieldegypt.com/products/bohemia-crystal-flute-glass-set-6-pieces-grey-220ml-3900010085
Bohemia Crystal - Flute Glass Set 6 Pieces - Orange - 220ml - Crystal,"LE 1,035.00","LE 1,035.00",https://sheffieldegypt.com/products/bohemia-crystal-flute-glass-set-6-pieces-orange-220ml-3900010084
Bohemia Crystal - Goblet Glass Set 6 Pieces - Orange - 200ml - Crystal,"LE 1,035.00","LE 1,035.00",https://sheffieldegypt.com/products/bohemia-crystal-goblet-glass-set-6-pieces-orange-200ml-3900010081
Bohemia Crystal - Goblet Glass Set 6 Pieces - Blue - 200ml - Crystal,"LE 1,035.00","LE 1,035.00",https://sheffieldegypt.com/products/bohemia-crystal-goblet-glass-set-6-pieces-blue-200ml-3900010080
Bohemia Crystal - Goblet Glass Set 6 Pieces - Green - 185ml - Crystal,LE 925.00,LE 925.00,https://sheffieldegypt.com/products/bohemia-crystal-goblet-glass-set-6-pieces-green-185ml-3900010069
Bohemia Crystal - Goblet Glass Set 6 Pieces - Orange - 250ml - Crystal,"LE 1,035.00","LE 1,035.00",https://sheffieldegypt.com/products/bohemia-crystal-goblet-glass-set-6-pieces-orange-250ml-3900010067
Bohemia Crystal - Tumbler Glass Set 6 Pieces - Grey - 210ml - Crystal,"LE 1,150.00","LE 1,150.00",https://sheffieldegypt.com/products/bohemia-crystal-tumbler-glass-set-6-pieces-grey-210ml-3900010058
Pasabahce - Highball & Tumbler Glass Set 12 Pieces - Silver - 340&250ml,"LE 3,060.00","LE 3,060.00",https://sheffieldegypt.com/products/pasabahce-highball-tumbler-glass-set-12-pieces-silver-340-250ml-39000830
Bohemia Crystal - Highball & Tumbler Glass Set 12 Pieces - Silver - 300&280ml,"LE 2,455.00","LE 2,455.00",https://sheffieldegypt.com/products/bohemia-crystal-highball-tumbler-glass-set-12-pieces-silver-300-280ml-39000828
Bohemia Crystal - Flute Glass Set 6 Pieces - Silver - 150ml,"LE 2,160.00","LE 2,160.00",https://sheffieldegypt.com/products/bohemia-crystal-flute-glass-set-6-pieces-gold-150ml-39000827
Bohemia Crystal - Goblet Glass Set 6 Pieces - 185ml,LE 750.00,LE 750.00,https://sheffieldegypt.com/products/bohemia-crystal-goblet-glass-set-6-pieces-185ml-39000763
Bohemia Crystal - Flute Glass Set 6 Pieces - 150ml,LE 835.00,LE 835.00,https://sheffieldegypt.com/products/bohemia-crystal-flute-glass-set-6-pieces-150ml-39000760
Pasabahce - Round Highball Glass Set 6 Pieces - Purple - 500ml,LE 275.00,LE 275.00,https://sheffieldegypt.com/products/pasabahce-round-highball-glass-set-6-pieces-purple-500ml-390005016
Pasasbahce - Round Highball Glass Set 6 Pieces - Blue - 500ml,LE 275.00,LE 275.00,https://sheffieldegypt.com/products/pasasbahce-round-highball-glass-set-6-pieces-blue-500ml-390005015
Pasabahce - Round Tumbler Glass Set 6 Pieces - Purple - 340ml,LE 275.00,LE 275.00,https://sheffieldegypt.com/products/pasabahce-round-tumbler-glass-set-6-pieces-purple-340ml-390005013
Pasabahce - Round Tumbler Glass Set 6 Pieces - Blue - 340ml,LE 275.00,LE 275.00,https://sheffieldegypt.com/products/pasabahce-round-tumbler-glass-set-6-pieces-blue-340ml-390005012
Pasabahce - Round Tumbler Glass Set 6 Pieces - Pink - 340ml,LE 275.00,LE 275.00,https://sheffieldegypt.com/products/pasabahce-tumbler-glass-set-6-pieces-blue-340ml-390005011
Pasabahce - V-Line Martini Glass Set 6 Pieces - Pink - 250ml,LE 575.00,LE 575.00,https://sheffieldegypt.com/products/pasabahce-v-line-martini-glass-set-6-pieces-pink-250ml-390005009
Pasabahce - V-Line Champagne Glass Set 6 Pieces - Purple - 200ml,LE 575.00,LE 575.00,https://sheffieldegypt.com/products/pasabahce-v-line-champagne-glass-set-6-pieces-purple-200ml-390005008
Pasabahce - V-Line Champagne Glass Set 6 Pieces - Blue - 200ml,LE 575.00,LE 575.00,https://sheffieldegypt.com/products/pasabahce-v-line-champagne-glass-set-6-pieces-blue-200ml-390005007
Pasabahce - V-Line Champagne Flute Glass Set 6 Pieces - Purple - 150ml,LE 575.00,LE 575.00,https://sheffieldegypt.com/products/pasabahce-v-line-champagne-flute-glass-set-6-pieces-purple-150ml-390005005
Pasabahce - V-Line Champagne Flute Glass Set 6 Pieces - Blue - 150ml,LE 575.00,LE 575.00,https://sheffieldegypt.com/products/pasabahce-v-line-champagne-flute-glass-set-6-pieces-blue-150ml-390005004
Pasabahce - V-Line Champagne Flute Glass Set 6 Pieces - Pink - 150ml,LE 575.00,LE 575.00,https://sheffieldegypt.com/products/pasabahce-v-line-champagne-flute-glass-set-6-pieces-pink-150ml-390005003
Bohemia Crystal - Oval Wavy Box - Crystal - 20cm - Crystal,"LE 2,465.00","LE 2,465.00",https://sheffieldegypt.com/products/bohemia-crystal-oval-wavy-box-crystal-20cm-270006853
Bohemia Crystal - Goblet Glass Set 6 Pieces - Gold - 185ml,"LE 1,105.00","LE 1,105.00",https://sheffieldegypt.com/products/bohemia-crystal-goblet-glass-set-6-pieces-gold-185ml-39000826
Bohemia Crystal - Flute Glass Set 6 Pieces - Silver - 150ml,"LE 1,035.00","LE 1,035.00",https://sheffieldegypt.com/products/bohemia-crystal-flute-glass-set-6-pieces-silver-150ml-39000825
Pasabahce - Highball & Tumbler Glass Set 12 Pieces - Gold - 340ml & 250ml,"LE 3,690.00","LE 3,690.00",https://sheffieldegypt.com/products/pasabahce-highball-tumbler-glass-set-12-pieces-gold-340ml-250ml-39000824
Bohemia Crystal - Flute Glass Set 6 Pieces - Gold - 150ml,"LE 2,160.00","LE 2,160.00",https://sheffieldegypt.com/products/bohemia-crystal-flute-glass-set-6-pieces-gold-185ml-39000823
Bohemia Crytsal - Goblet Glass Set 6 Pieces - Silver - 185ml,"LE 2,160.00","LE 2,160.00",https://sheffieldegypt.com/products/bohemia-crytsal-goblet-glass-set-6-pieces-silver-185ml-39000822
Bohemia Crystal - Goblet Glass Set 6 Pieces - Gold - 185ml,"LE 2,160.00","LE 2,160.00",https://sheffieldegypt.com/products/bohemia-crystal-goblet-glass-set-6-pieces-gold-185ml-39000821
Bohemia Crystal - Goblet Glass Set 6 Pieces - Silver - 185ml,"LE 1,035.00","LE 1,035.00",https://sheffieldegypt.com/products/bohemia-crystal-goblet-glass-set-6-pieces-silver-185ml-39000820
Bohemia Crystal - Flute Glass Set 6 Pieces - Gold - 150ml,"LE 1,025.00","LE 1,025.00",https://sheffieldegypt.com/products/bohemia-crystal-flute-glass-set-6-pieces-gold-150ml-39000819
Bohemia Crystal - Goblet Glass Set 6 Pieces - Gold - 185ml,"LE 1,025.00","LE 1,025.00",https://sheffieldegypt.com/products/bohemia-crystal-goblet-glass-set-6-pieces-gold-185ml-39000818
Bohemia Crystal - Goblet Glass Set 6 Pieces - Gold - 185ml,"LE 1,260.00","LE 1,260.00",https://sheffieldegypt.com/products/bohemia-crystal-goblet-glass-set-6-pieces-gold-185ml-39000817
Bohemia Crystal - Goblet Glass Set 6 Pieces - Silver - 185ml,"LE 1,395.00","LE 1,395.00",https://sheffieldegypt.com/products/bohemia-crystal-goblet-glass-set-6-pieces-silver-185ml-39000816
Bohemia Crystal - Flute Glass Set 6 Pieces - Silver - 150ml,"LE 1,260.00","LE 1,260.00",https://sheffieldegypt.com/products/bohemia-crystal-flute-glass-set-6-pieces-silver-150ml-39000815
Bohemia Crystal - Flute Glass Set 6 Pieces - Gold - 150ml,"LE 1,260.00","LE 1,260.00",https://sheffieldegypt.com/products/bohemia-crystal-flute-glass-set-6-pieces-gold-150ml-39000814
Pasabahce - Glass Set 24 Pieces - Silver - Glass,"LE 2,025.00","LE 2,025.00",https://sheffieldegypt.com/products/pasabahce-glass-set-24-pieces-silver-302101400813
Bohemia Crystal - Goblet Glass Set 6 Pieces - Silver - 185ml,"LE 1,105.00","LE 1,105.00",https://sheffieldegypt.com/products/bohemia-crystal-goblet-glass-set-6-pieces-silver-185ml-39000812
Bohemia Crystal - Flute Glass Set 6 Pieces - Silver - 150ml,"LE 1,105.00","LE 1,105.00",https://sheffieldegypt.com/products/bohemia-crystal-flute-glass-set-6-pieces-silver-150ml-39000811
Bohemia Crystal - Flute Glass Set 6 Pieces - Gold - 150ml,"LE 1,105.00","LE 1,105.00",https://sheffieldegypt.com/products/bohemia-crystal-flute-glass-set-6-pieces-gold-150ml-39000810
Dessert Set 7 Pieces - Glass,"LE 2,095.00","LE 2,095.00",https://sheffieldegypt.com/products/bohemia-crystal-dessert-set-7-pieces-crystal-39000794
Goblet Glass Set 6 Pieces - Green & Gold - 250ml - Glass,"LE 1,425.00","LE 1,425.00",https://sheffieldegypt.com/products/goblet-glass-set-6-pieces-green-gold-0ml-2700011041
Flute Glass Set 6 Pieces - Green & Gold - 120ml,"LE 1,425.00","LE 1,425.00",https://sheffieldegypt.com/products/flute-glass-set-6-pieces-green-gold-0ml-2700011036
Flute Glass Set 6 Pieces - Green & Silver - 120ml,"LE 1,425.00","LE 1,425.00",https://sheffieldegypt.com/products/flute-glass-set-6-pieces-green-silver-0ml-2700011035
